-7332,2369,2644,-45,6,47,-7877,-1931,2495,-45,-78,79
-7346,2320,2770,-45,2,50,-7800,-1560,2509,116,-95,59
-7396,2408,2740,-45,-8,68,-7733,-1382,2455,90,-78,48
-7421,2340,2704,-35,-19,73,-7680,-1423,2470,-25,-35,47
-7408,2297,2714,-20,-22,61,-7697,-1481,2445,-97,-2,39
-7400,2335,2698,-25,-27,61,-7781,-1475,2297,-155,34,7
-7326,2307,2682,-28,-33,68,-7810,-1720,2393,-161,43,-3
-7366,2279,2702,-12,-37,72,-7835,-1876,2621,24,4,-13
-7369,2400,2699,2,-52,76,-7772,-1551,2420,143,-15,-10
-7465,2444,2721,-37,-62,79,-7768,-1529,2639,194,-39,23
-7517,2486,2708,-160,-94,56,-7812,-1263,2496,196,-52,34
-7534,2633,2810,-301,-125,19,-7797,-1479,2649,135,-60,85
-7424,2185,2802,-491,-159,17,-7775,-1532,2562,171,-80,71
-7346,2001,2660,-467,-151,34,-7767,-1526,2733,161,-76,77
-7330,2018,2819,-306,-139,41,-7707,-1212,2764,173,-77,55
-7357,1978,2764,-231,-142,50,-7691,-1300,2732,18,-40,9
-7295,2389,3073,-249,-135,62,-7763,-1446,2577,-27,-4,-21
-7327,2059,3009,-308,-145,56,-7898,-1449,2637,-73,1,12
-7182,2019,2957,-310,-156,74,-7719,-1397,2851,18,-5,-5
-7230,1807,2867,-209,-137,68,-7656,-1329,2746,14,16,-69
-7083,2022,2961,-80,-71,48,-7758,-1564,2757,8,19,-87
-7040,1879,3016,15,-31,23,-7814,-1568,2765,75,3,-57
-7199,1993,2990,167,21,3,-7701,-1309,2569,88,23,-53
-7298,2151,2881,237,35,-5,-7738,-1338,2427,3,44,-27
-7302,2464,2971,154,-1,-6,-7837,-1353,2737,-74,48,-8
-7298,2082,3084,105,-51,-6,-7755,-1383,2939,-65,6,-12
-7278,2353,3370,135,-103,-23,-7664,-1300,2773,-142,-10,-20
-7139,2160,3133,171,-108,-36,-7720,-1571,2505,-206,19,-5
-7146,2140,2827,259,-54,-33,-7983,-2100,2830,-80,34,26
-7208,2412,2615,378,26,-30,-7769,-1612,2690,72,9,51
-7324,2753,2854,337,45,-20,-7773,-1438,2571,149,-7,44
-7303,2590,3134,137,14,-17,-7767,-1418,2607,112,-14,38
-7228,2352,3000,105,3,-19,-7910,-1703,2544,46,-27,44
-7194,2273,2891,176,27,-32,-7942,-2017,2512,141,-59,83
-7208,2285,2865,231,58,-42,-7696,-1629,2844,476,-106,112
-7217,2435,2772,261,114,-53,-7610,-1342,2736,554,-110,62
-7229,2473,2845,242,142,-66,-7539,-1137,2668,431,-58,37
-7228,2458,2843,210,159,-72,-7548,-1242,2679,260,-10,30
-7192,2369,2707,219,180,-77,-7506,-1034,2581,52,56,3
-7194,2337,2604,276,224,-110,-7548,-968,2502,-161,126,-32
-7259,2426,2651,300,249,-144,-7672,-986,2488,-343,193,-60
-7341,2612,2632,228,258,-166,-7873,-1358,2437,-491,228,-100
-7372,2611,2663,89,238,-154,-7946,-1600,2327,-507,214,-103
-7442,2533,2754,-82,177,-106,-8036,-1884,2220,-438,174,-85
-7470,2422,2793,-142,116,-67,-7991,-1958,2221,-325,132,-60
-7508,2358,2848,-139,62,-38,-7972,-1984,2353,-119,64,-45
-7441,2317,2826,-64,21,-21,-7901,-1776,2356,21,24,-31
-7368,2327,2875,1,12,-19,-7749,-1442,2385,45,6,-15
-7319,2344,2895,80,19,-7,-7777,-1498,2458,5,8,-2
-7373,2390,2854,113,26,13,-7747,-1411,2444,1,13,13
-7431,2457,2858,113,30,39,-7722,-1249,2394,-74,33,23
-7455,2512,2914,72,24,53,-7844,-1567,2459,-161,51,22
-7480,2478,2906,-2,-1,62,-7906,-1643,2403,-125,34,12
-7433,2515,2986,-49,-19,65,-7838,-1778,2516,-1,6,17
-7426,2324,2884,-117,-48,60,-7805,-1598,2562,103,-10,20
-7392,2188,2904,-117,-59,45,-7780,-1304,2507,76,-16,15
-7295,2168,2839,-90,-53,39,-7799,-1508,2460,16,0,14
-7275,2098,2823,-38,-39,38,-7799,-1488,2517,-25,16,25
-7326,2143,2774,63,-25,29,-7808,-1531,2531,-53,22,36
-7399,2239,2843,105,-24,21,-7865,-1572,2572,-54,16,33
-7428,2277,2811,65,-32,13,-7816,-1572,2533,-45,7,37
-7407,2237,2766,35,-32,17,-7805,-1572,2541,-28,-6,44
-7390,2245,2695,27,-29,20,-7807,-1541,2501,-3,-20,56
-7381,2223,2677,35,-21,15,-7787,-1523,2500,-6,-22,61
-7353,2245,2635,44,-14,7,-7767,-1528,2501,-39,-19,70
-7353,2278,2632,45,-3,5,-7793,-1547,2484,-67,-15,73
-7388,2296,2659,40,1,4,-7817,-1599,2469,-79,-17,73
-7398,2359,2627,26,3,8,-7818,-1657,2437,-76,-20,70
-7420,2393,2630,8,-1,8,-7808,-1715,2464,-60,-27,62
-7419,2376,2662,-19,-6,5,-7825,-1689,2421,-46,-30,55
-7380,2358,2621,-25,-5,4,-7851,-1683,2375,-38,-30,49
-7368,2348,2628,-22,1,9,-7838,-1681,2349,-37,-30,46
-7333,2333,2594,-12,3,14,-7822,-1670,2355,-37,-31,40
-7378,2333,2552,-5,7,21,-7823,-1687,2345,-36,-30,37
-7377,2341,2631,-9,8,27,-7815,-1684,2314,-36,-26,32
-7381,2332,2614,-18,10,33,-7831,-1681,2265,-38,-23,31
-7371,2297,2628,-22,11,36,-7788,-1680,2265,-39,-17,27
-7368,2295,2657,-16,13,34,-7816,-1691,2285,-34,-14,23
-7367,2276,2626,-11,15,31,-7823,-1721,2303,-19,-6,17
-7382,2308,2700,-12,20,30,-7819,-1664,2309,-10,-2,11
-7369,2326,2737,-15,22,28,-7832,-1657,2329,-7,1,3
-7379,2293,2692,-19,20,24,-7809,-1651,2325,-9,0,-1
-7398,2294,2696,-18,14,24,-7829,-1641,2360,-13,3,-5
-7369,2285,2718,-16,12,23,-7863,-1609,2357,-21,8,-7
-7343,2318,2709,-16,13,24,-7849,-1628,2351,-29,9,-5
-7390,2312,2702,-18,15,28,-7836,-1659,2430,-23,13,-6
-7402,2331,2760,-20,11,29,-7829,-1605,2456,-10,10,-10
-7447,2330,2716,-21,6,25,-7812,-1565,2429,-9,5,-15
-7423,2355,2758,-23,-4,20,-7825,-1547,2461,-17,2,-17
-7417,2349,2751,-23,-7,21,-7840,-1541,2499,-29,-6,-19
-7357,2305,2745,-12,-8,27,-7827,-1593,2462,-19,-13,-13
-7382,2328,2752,7,-10,35,-7854,-1575,2466,9,-26,-13
-7403,2354,2703,17,-11,43,-7810,-1634,2505,47,-37,3
-7423,2336,2724,9,-16,48,-7771,-1405,2507,62,-41,33
-7384,2314,2734,-2,-19,52,-7793,-1449,2483,21,-38,44
-7386,2271,2671,3,-23,52,-7823,-1499,2433,-30,-39,46
-7391,2223,2633,10,-21,50,-7866,-1670,2513,-32,-45,50
-7406,2227,2668,17,-21,45,-7868,-1594,2480,1,-60,50
-7377,2259,2632,25,-19,38,-7844,-1543,2487,-5,-66,59
-7390,2237,2621,21,-17,33,-7794,-1383,2373,-47,-54,66
-7400,2261,2581,17,-14,31,-7948,-1704,2511,-66,-78,52
-7390,2248,2623,8,-10,25,-7731,-1527,2390,-13,-76,65
-7377,2248,2600,2,-6,20,-7682,-1500,2452,-42,-68,74
-7374,2243,2578,-4,1,15,-7842,-1527,2379,-127,-49,68
-7365,2228,2555,-6,6,10,-7750,-1678,2422,-62,-42,79
-7396,2261,2534,-10,13,3,-7767,-1578,2388,-24,-29,55
-7397,2280,2598,-15,17,-1,-7737,-1598,2299,-38,14,65
-7376,2294,2599,-20,21,-4,-7771,-1588,2315,-51,35,64
-7413,2290,2605,-21,22,-7,-7785,-1657,2322,-46,48,51
-7431,2324,2611,-15,23,-8,-7798,-1659,2320,-31,50,36
-7411,2303,2627,-5,22,-5,-7848,-1670,2305,-11,47,24
-7414,2324,2631,3,23,-4,-7850,-1697,2319,12,45,17
-7424,2339,2642,7,24,-1,-7835,-1684,2265,36,42,11
-7414,2340,2681,8,21,3,-7832,-1687,2333,46,38,8
-7405,2336,2626,10,21,5,-7841,-1626,2372,48,32,10
-7417,2325,2681,13,18,6,-7805,-1622,2345,48,26,12
-7390,2309,2672,16,16,9,-7825,-1700,2413,42,25,2
-7377,2305,2669,23,13,8,-7806,-1651,2399,58,25,3
-7380,2308,2694,33,14,9,-7788,-1576,2467,47,36,11
-7393,2314,2682,32,12,9,-7815,-1592,2465,31,38,11
-7390,2340,2674,24,12,7,-7835,-1582,2487,20,39,8
-7419,2305,2685,16,12,4,-7847,-1583,2517,10,35,8
-7398,2321,2728,11,8,1,-7836,-1567,2536,10,26,10
-7409,2324,2698,14,7,0,-7854,-1597,2523,13,20,7
-7377,2330,2715,20,2,-3,-7832,-1585,2512,19,13,6
-7389,2338,2693,19,1,0,-7804,-1548,2487,19,6,6
-7434,2356,2694,14,-2,1,-7823,-1576,2516,20,3,9
-7417,2367,2703,10,-3,1,-7823,-1567,2522,20,-4,11
-7400,2347,2717,7,-5,4,-7817,-1537,2459,18,-8,16
-7375,2346,2720,9,-9,4,-7835,-1589,2449,18,-14,23
-7426,2347,2711,12,-14,8,-7811,-1589,2491,28,-18,26
-7484,2365,2724,11,-15,6,-7821,-1595,2471,35,-20,27
-7427,2384,2688,4,-16,1,-7837,-1565,2470,25,-23,25
-7386,2378,2683,0,-16,2,-7806,-1565,2446,11,-30,20
-7341,2369,2698,4,-16,7,-7789,-1614,2388,14,-34,17
-7341,2334,2730,12,-18,15,-7760,-1603,2373,26,-33,21
-7399,2340,2692,17,-21,23,-7768,-1573,2362,29,-30,24
-7370,2360,2671,5,-24,23,-7819,-1603,2337,14,-26,30
-7376,2329,2706,-9,-22,20,-7847,-1643,2350,6,-26,31
-7396,2332,2719,-13,-18,16,-7849,-1690,2334,18,-25,27
-7414,2295,2711,-5,-20,16,-7838,-1690,2329,29,-23,22
-7423,2363,2751,8,-24,16,-7828,-1643,2309,31,-18,15
-7370,2375,2679,9,-28,20,-7820,-1638,2284,21,-12,8
-7358,2350,2662,6,-29,27,-7841,-1645,2321,9,-10,1
-7336,2346,2661,7,-28,31,-7820,-1646,2324,11,-9,-4
-7351,2310,2665,9,-27,31,-7811,-1601,2350,15,-7,-5
-7370,2293,2684,5,-25,29,-7781,-1571,2331,10,-3,-6
-7361,2299,2670,-4,-25,20,-7817,-1569,2344,2,0,-4
-7351,2296,2692,-8,-22,14,-7819,-1583,2368,1,2,1
-7373,2313,2669,-8,-19,10,-7812,-1596,2391,6,3,6
-7365,2319,2684,-7,-17,10,-7809,-1567,2379,11,6,11
-7355,2339,2650,-7,-14,13,-7804,-1563,2428,10,6,15
-7376,2329,2647,-11,-11,18,-7802,-1588,2456,7,6,16
-7383,2332,2666,-12,-6,19,-7808,-1579,2431,4,3,16
-7367,2334,2666,-15,-4,20,-7802,-1583,2446,2,1,16
-7389,2334,2684,-18,-1,17,-7803,-1552,2448,4,-1,17
-7366,2317,2704,-20,-1,15,-7791,-1565,2460,7,-4,21
-7397,2323,2686,-19,2,14,-7804,-1565,2439,5,-5,24
-7374,2305,2683,-15,2,15,-7807,-1568,2482,1,-8,30
-7366,2309,2707,-14,2,16,-7808,-1578,2418,-2,-10,32
-7355,2304,2724,-14,4,19,-7821,-1595,2411,-5,-10,36
-7348,2290,2706,-11,3,19,-7807,-1597,2412,-4,-10,38
-7361,2272,2731,-6,2,18,-7803,-1617,2406,3,-7,38
-7387,2248,2715,-4,2,17,-7821,-1595,2436,15,-6,41
-7374,2283,2702,-4,3,11,-7806,-1562,2396,32,-9,42
-7357,2280,2712,-8,4,8,-7829,-1578,2427,28,-7,46
-7360,2285,2729,-9,4,4,-7792,-1577,2367,8,-1,44
-7365,2277,2706,-6,2,3,-7834,-1654,2433,0,1,47
-7374,2290,2696,0,1,0,-7848,-1616,2439,21,-3,42
-7361,2308,2733,1,2,0,-7884,-1644,2412,35,-18,37
-7379,2334,2730,-7,4,1,-7857,-1785,2392,91,-30,41
-7350,2311,2727,-11,4,0,-7782,-1674,2492,202,-51,39
-7358,2316,2717,-10,3,2,-7725,-1364,2411,173,-44,41
-7370,2315,2751,-3,0,4,-7732,-1370,2453,28,-14,41
-7352,2340,2704,-1,1,8,-7811,-1522,2448,-58,2,37
-7321,2332,2726,3,-1,14,-7875,-1750,2496,-77,7,35
-7376,2316,2685,8,-1,17,-7883,-1787,2423,-1,-6,27
-7404,2294,2685,14,-4,19,-7824,-1652,2486,88,-15,22
-7427,2301,2648,17,-5,14,-7794,-1505,2460,97,-19,18
-7393,2336,2717,10,-4,11,-7766,-1457,2493,36,-13,18
-7357,2344,2698,10,-6,11,-7760,-1504,2500,-11,-9,20
-7306,2322,2760,21,-6,21,-7772,-1563,2483,-31,-5,18
-7336,2333,2713,30,-6,27,-7788,-1552,2483,-31,-2,18
-7375,2324,2722,29,-7,32,-7781,-1548,2452,-36,-3,20
-7403,2311,2708,25,-8,30,-7825,-1541,2451,-41,-7,19
-7408,2302,2707,25,-5,26,-7875,-1605,2417,-41,-11,21
-7395,2300,2666,23,-5,24,-7840,-1633,2400,-26,-12,22
-7421,2325,2693,22,-2,19,-7846,-1614,2397,-4,-11,21
-7371,2305,2701,18,1,18,-7842,-1605,2403,16,-8,17
-7313,2297,2721,14,1,20,-7823,-1564,2400,17,-7,13
-7335,2327,2738,15,1,23,-7813,-1563,2430,13,-9,9
-7353,2312,2692,13,1,23,-7794,-1551,2434,11,-9,8
-7370,2290,2678,10,0,18,-7779,-1531,2441,1,-11,5
-7371,2284,2708,11,-1,12,-7814,-1521,2434,-6,-12,5
-7392,2317,2684,20,-1,7,-7819,-1542,2425,-9,-14,6
-7398,2321,2644,24,0,7,-7791,-1529,2427,-3,-13,11
-7384,2397,2673,20,2,11,-7785,-1538,2414,3,-10,16
-7363,2333,2669,13,4,15,-7770,-1508,2390,2,-8,20
-7375,2330,2671,-1,10,19,-7774,-1528,2422,0,-5,23
-7368,2311,2685,-6,13,21,-7786,-1543,2414,2,-5,24
-7360,2294,2680,-8,12,17,-7798,-1530,2404,6,-6,22
-7399,2272,2707,-2,10,10,-7819,-1525,2413,6,-6,22
-7407,2310,2703,4,7,6,-7804,-1512,2410,-1,-4,23
-7399,2314,2684,3,8,5,-7800,-1517,2387,-7,-3,23
-7401,2336,2707,3,9,7,-7790,-1522,2413,-13,-3,25
-7412,2328,2669,4,9,6,-7810,-1518,2426,-16,-2,28
-7409,2308,2712,4,8,8,-7797,-1503,2405,-16,-2,33
-7409,2313,2722,1,6,6,-7802,-1535,2358,-16,1,37
-7391,2308,2719,0,6,6,-7784,-1533,2370,-16,5,40
-7378,2307,2715,-2,7,3,-7782,-1571,2417,-14,7,40
-7357,2291,2769,-3,4,0,-7794,-1574,2421,-11,8,39
-7375,2322,2777,-2,3,-1,-7802,-1590,2440,-11,8,37
-7398,2318,2766,-2,0,-3,-7805,-1592,2440,-11,9,35
-7399,2338,2771,-1,-6,-4,-7808,-1595,2474,-15,9,32
-7379,2310,2738,0,-9,-2,-7818,-1615,2416,-17,10,30
-7388,2347,2721,3,-10,2,-7787,-1607,2424,-15,9,26
-7390,2336,2720,-2,-9,2,-7773,-1608,2420,-11,10,24
-7399,2345,2692,-10,-7,4,-7795,-1626,2452,-6,14,23
-7380,2318,2718,-15,-7,1,-7792,-1609,2480,-1,14,20
-7334,2321,2706,-20,-6,2,-7825,-1600,2440,-6,10,19
-7325,2269,2661,-14,-9,6,-7849,-1622,2432,-11,10,20
-7380,2289,2711,5,-14,9,-7830,-1624,2429,-10,10,18
-7433,2260,2673,22,-16,8,-7802,-1623,2449,-12,11,13
-7430,2293,2653,31,-12,-3,-7854,-1597,2423,-24,9,4
-7431,2326,2675,17,-6,-9,-7832,-1645,2462,-28,5,-2
-7362,2334,2651,1,-5,-4,-7825,-1610,2430,-11,0,-8
-7336,2297,2658,4,-8,3,-7812,-1553,2391,0,1,-7
-7331,2265,2665,27,-8,9,-7807,-1488,2378,-5,4,0
-7396,2286,2639,20,-4,8,-7840,-1519,2381,-17,7,7
-7397,2317,2642,8,-5,10,-7865,-1538,2417,-20,6,11
-7365,2241,2652,-3,-2,5,-7871,-1547,2399,-16,3,15
-7400,2233,2674,4,0,-3,-7835,-1530,2406,-9,1,15
-7436,2267,2683,15,-1,-9,-7820,-1538,2423,-8,2,14
-7445,2316,2752,16,-13,-12,-7804,-1527,2393,-12,3,15
-7389,2428,2677,-31,-36,-28,-7831,-1541,2432,-16,0,17
-7361,2401,2761,-100,-46,-21,-7817,-1538,2409,-14,0,21
-7329,2075,2704,-99,-33,-10,-7795,-1561,2445,-6,-2,29
-7343,2105,2671,-14,-11,-8,-7799,-1561,2413,-6,-4,32
-7407,2243,2754,70,9,-7,-7819,-1582,2402,-13,-6,35
-7418,2301,2750,93,14,-1,-7829,-1607,2422,-14,-8,36
-7422,2379,2813,71,7,12,-7824,-1622,2402,-8,-9,38
-7406,2391,2842,29,-6,19,-7835,-1644,2391,-5,-9,39
-7392,2224,2775,-14,-17,19,-7824,-1671,2377,-8,-9,37
-7337,2176,2765,-4,-17,14,-7806,-1666,2374,-10,-9,34
-7359,2192,2750,28,-10,9,-7847,-1687,2390,-9,-9,29
-7360,2233,2739,42,-5,6,-7841,-1681,2424,-8,-9,23
-7365,2272,2761,40,-3,5,-7858,-1683,2416,-4,-8,16
-7382,2304,2759,16,-6,5,-7818,-1692,2398,-6,-9,11
-7382,2311,2754,-4,-11,5,-7817,-1679,2414,-16,-12,5
-7410,2337,2738,-20,-15,9,-7836,-1662,2394,-24,-13,0
-7393,2311,2710,-20,-17,14,-7812,-1698,2385,-28,-15,-5
-7384,2327,2701,-9,-16,17,-7796,-1644,2361,-29,-16,-8
-7372,2345,2700,-2,-13,24,-7791,-1643,2357,-27,-15,-9
-7370,2321,2734,0,-14,34,-7795,-1644,2389,-20,-13,-9
-7366,2332,2720,-2,-16,37,-7803,-1637,2352,-14,-12,-7
-7378,2301,2725,-3,-19,39,-7780,-1616,2346,-4,-11,-4
-7373,2268,2691,-2,-19,41,-7810,-1610,2343,-1,-10,-2
-7371,2261,2716,9,-16,37,-7841,-1632,2372,-3,-11,2
-7372,2252,2697,14,-16,35,-7830,-1613,2367,-8,-11,3
-7373,2250,2699,17,-13,36,-7845,-1648,2346,-14,-10,0
-7343,2270,2713,15,-13,38,-7826,-1648,2353,-16,-11,-3
-7324,2236,2721,10,-13,37,-7833,-1624,2377,-15,-11,-4
-7367,2218,2738,7,-12,34,-7803,-1625,2351,-13,-10,-2
-7379,2194,2701,6,-11,29,-7821,-1630,2337,-11,-8,1
-7375,2202,2713,7,-9,25,-7841,-1601,2352,-15,-8,4
-7307,2227,2721,4,-5,22,-7866,-1608,2350,-23,-6,11
-7329,2220,2715,7,-5,23,-7867,-1635,2340,-19,-4,17
-7397,2220,2728,11,-5,23,-7827,-1652,2384,0,0,20
-7404,2228,2758,17,-8,15,-7826,-1628,2449,3,0,19
-7431,2257,2756,13,-10,10,-7852,-1609,2448,-9,-4,16
-7364,2278,2742,9,-5,2,-7823,-1611,2469,-17,-12,14
-7335,2265,2734,10,-4,5,-7810,-1621,2431,-12,-17,16
-7307,2280,2771,14,-3,12,-7792,-1598,2453,-8,-20,25
-7322,2308,2768,12,-2,14,-7795,-1602,2468,-14,-17,33
-7350,2309,2773,0,1,15,-7814,-1643,2478,-26,-24,40
-7361,2324,2757,-7,1,13,-7842,-1681,2449,-28,-30,42
-7379,2314,2752,-4,2,13,-7855,-1725,2382,-20,-36,38
-7353,2308,2758,5,1,15,-7801,-1734,2424,-11,-35,34
-7375,2326,2744,15,-3,21,-7788,-1708,2385,-8,-31,29
-7362,2350,2755,14,-4,24,-7790,-1692,2368,-9,-32,24
-7368,2357,2744,8,-3,29,-7824,-1677,2359,-12,-32,24
-7378,2330,2721,5,-1,33,-7792,-1703,2370,-9,-33,27
-7386,2287,2735,8,-1,32,-7809,-1708,2354,-3,-30,30
-7399,2289,2764,12,-2,30,-7828,-1691,2345,-8,-27,29
-7375,2290,2721,13,0,29,-7830,-1696,2358,-16,-26,27
-7356,2292,2729,11,1,24,-7816,-1710,2331,-18,-26,27
-7350,2279,2681,11,6,25,-7805,-1697,2340,-18,-21,23
-7341,2286,2708,11,6,25,-7818,-1699,2375,-18,-16,21
-7357,2300,2740,8,7,24,-7776,-1682,2364,-20,-12,20
-7368,2280,2711,5,9,24,-7810,-1654,2335,-19,-9,20
-7367,2289,2719,6,9,24,-7786,-1664,2366,-16,-7,21
-7362,2271,2752,4,10,20,-7776,-1658,2369,-10,-4,23
-7387,2271,2737,4,10,19,-7785,-1648,2371,0,1,25
-7376,2288,2715,6,13,19,-7784,-1624,2355,6,3,30
-7362,2289,2721,14,13,19,-7789,-1639,2394,5,7,32
-7404,2297,2726,18,12,21,-7788,-1641,2389,2,5,35
-7395,2298,2768,21,11,23,-7817,-1617,2384,-3,5,37
-7381,2262,2717,24,10,22,-7793,-1646,2401,1,4,40
-7364,2250,2718,27,8,24,-7809,-1651,2446,3,2,41
-7391,2245,2716,34,8,24,-7789,-1641,2433,4,2,42
-7387,2244,2732,38,9,20,-7810,-1658,2384,6,1,45
-7364,2274,2728,39,9,17,-7809,-1674,2410,7,0,48
-7345,2252,2715,30,10,12,-7805,-1682,2447,8,0,49
-7338,2268,2733,22,9,8,-7803,-1699,2488,8,-4,47
-7381,2287,2762,20,9,6,-7817,-1701,2440,7,-4,44
-7360,2279,2754,20,8,4,-7819,-1704,2445,5,-8,39
-7371,2301,2736,24,6,3,-7787,-1711,2451,4,-9,34
-7377,2304,2754,25,6,2,-7791,-1694,2416,7,-10,29
-7403,2308,2729,22,4,1,-7795,-1715,2433,10,-10,29
-7381,2306,2751,23,3,0,-7810,-1708,2440,18,-9,29
-7401,2344,2699,23,2,-2,-7806,-1694,2464,22,-10,27
-7338,2331,2713,23,4,-2,-7821,-1666,2448,19,-12,23
-7337,2351,2694,27,-1,4,-7826,-1694,2423,15,-12,22
-7378,2323,2707,33,-2,7,-7846,-1717,2455,19,-12,19
-7429,2345,2708,34,-5,5,-7815,-1689,2470,27,-10,10
-7433,2389,2721,28,-4,2,-7819,-1663,2453,19,-12,3
-7408,2390,2695,16,-1,-1,-7810,-1641,2442,10,-18,-2
-7378,2385,2705,16,0,4,-7780,-1630,2456,19,-22,-2
-7355,2375,2687,25,0,10,-7755,-1577,2415,30,-22,4
-7376,2400,2740,31,-3,20,-7775,-1545,2458,29,-17,10
-7388,2410,2723,26,-3,24,-7795,-1601,2437,20,-15,16
-7367,2389,2690,13,-2,24,-7836,-1624,2422,17,-19,17
-7378,2360,2712,10,-1,26,-7833,-1638,2412,25,-23,17
-7394,2328,2719,21,-3,26,-7817,-1618,2404,32,-20,14
-7378,2362,2696,32,-7,28,-7783,-1598,2383,36,-16,11
-7364,2389,2723,38,-12,32,-7787,-1579,2408,33,-12,10
-7356,2380,2703,34,-11,33,-7835,-1573,2429,28,-13,12
-7360,2343,2704,29,-11,33,-7821,-1582,2478,31,-13,17
-7376,2314,2726,27,-11,33,-7788,-1576,2461,34,-13,23
-7382,2344,2729,29,-14,26,-7796,-1568,2444,27,-14,24
-7378,2341,2640,28,-14,22,-7801,-1572,2452,11,-12,23
-7405,2387,2652,23,-13,18,-7803,-1592,2465,12,-13,24
-7388,2377,2682,19,-8,20,-7814,-1596,2435,22,-11,27
-7356,2398,2684,9,-4,23,-7800,-1587,2479,33,-10,29
-7352,2367,2699,5,-3,26,-7797,-1593,2492,32,-11,32
-7369,2340,2694,4,-5,29,-7771,-1607,2490,29,-13,33
-7352,2298,2699,7,-7,27,-7771,-1615,2479,24,-16,30
-7338,2341,2709,11,-8,24,-7759,-1610,2489,22,-17,28
-7384,2346,2715,4,-9,19,-7765,-1600,2462,22,-18,27
-7372,2353,2680,0,-7,14,-7772,-1605,2482,22,-18,29
-7367,2345,2681,-2,-6,11,-7783,-1606,2467,21,-19,29
-7378,2355,2703,-2,-4,11,-7780,-1617,2453,16,-22,29
-7385,2345,2675,-4,-3,15,-7765,-1627,2436,9,-23,27
-7413,2350,2715,-8,-2,16,-7777,-1649,2429,-1,-25,22
-7392,2364,2703,-21,3,18,-7755,-1657,2414,-7,-24,19
-7371,2347,2711,-33,4,15,-7760,-1648,2367,-12,-21,15
-7375,2337,2776,-40,7,9,-7749,-1633,2387,-17,-20,11
-7373,2326,2788,-43,4,3,-7802,-1629,2385,-22,-17,9
-7360,2355,2775,-45,-1,-1,-7819,-1611,2365,-28,-14,10
-7362,2366,2796,-44,-6,-2,-7814,-1599,2331,-30,-8,9
-7364,2361,2810,-38,-12,-1,-7820,-1646,2340,-27,0,8
-7379,2347,2777,-32,-17,3,-7822,-1629,2350,-18,8,7
-7393,2367,2766,-23,-19,6,-7751,-1567,2343,-15,9,5
-7351,2344,2740,-21,-19,8,-7783,-1553,2358,-23,12,3
-7338,2334,2685,-26,-17,7,-7777,-1544,2390,-31,20,7
-7402,2265,2621,-31,-11,2,-7723,-1545,2373,-25,25,12
-7410,2297,2655,-44,2,-9,-7699,-1461,2310,-32,29,19
-7353,2327,2735,-84,18,-23,-7761,-1465,2306,-55,32,27
-7304,2348,2793,-107,19,-30,-7823,-1522,2212,-66,47,41
-7331,2339,2900,-102,-1,-31,-7856,-1599,2222,-42,69,55
-7383,2377,2898,-69,-21,-27,-7877,-1657,2300,26,101,70
-7387,2341,2854,-10,-41,-16,-7826,-1651,2383,77,112,75
-7423,2452,2892,37,-51,-6,-7756,-1639,2560,111,103,77
-7440,2453,2869,65,-64,17,-7732,-1615,2608,107,88,76
-7404,2426,2838,83,-80,41,-7724,-1609,2627,70,68,66
-7376,2343,2761,106,-96,66,-7788,-1617,2606,32,59,60
-7325,2287,2643,113,-92,73,-7851,-1684,2596,-1,52,54
-7298,2254,2590,83,-75,72,-7850,-1743,2556,2,45,54
-7282,2203,2571,53,-60,65,-7877,-1790,2557,39,39,56
-7253,2134,2578,34,-44,46,-7850,-1796,2542,70,34,56
-7249,2095,2622,26,-37,27,-7873,-1772,2602,92,27,46
-7235,2137,2640,22,-29,5,-7899,-1790,2583,92,21,34
-7228,2134,2638,27,-26,-5,-7900,-1786,2627,87,6,19
-7278,2186,2600,38,-19,-10,-7875,-1756,2620,86,-5,6
-7301,2240,2625,44,-7,-15,-7925,-1697,2613,84,-19,-4
-7330,2284,2622,39,3,-16,-7898,-1634,2563,68,-36,-7
-7349,2278,2633,34,15,-17,-7929,-1618,2535,52,-47,-7
-7346,2307,2609,36,22,-13,-7939,-1627,2475,45,-56,-4
-7298,2332,2638,40,31,-10,-7894,-1666,2466,53,-62,-5
-7303,2318,2636,37,40,-6,-7870,-1599,2397,61,-67,-10
-7282,2305,2669,29,51,-9,-7851,-1557,2403,59,-68,-14
-7256,2315,2704,29,55,-11,-7848,-1518,2376,57,-69,-17
-7298,2322,2727,36,57,-17,-7801,-1536,2393,61,-69,-15
-7299,2364,2724,40,56,-22,-7805,-1483,2349,67,-67,-10
-7337,2394,2745,46,53,-25,-7794,-1457,2385,71,-66,-1
-7345,2427,2769,48,54,-25,-7807,-1415,2318,64,-67,12
-7380,2446,2750,55,51,-15,-7818,-1393,2316,53,-66,21
-7367,2492,2760,59,51,-6,-7803,-1425,2261,39,-58,27
-7383,2484,2804,51,52,12,-7811,-1454,2282,40,-47,32
-7404,2455,2826,41,52,22,-7813,-1449,2249,56,-30,38
-7368,2412,2821,37,46,31,-7800,-1448,2292,67,-23,44
-7339,2396,2783,41,40,35,-7795,-1435,2316,71,-16,51
-7333,2391,2815,48,34,38,-7777,-1412,2294,65,-13,55
-7319,2365,2829,57,24,37,-7776,-1425,2317,56,-6,61
-7345,2361,2833,60,18,33,-7791,-1427,2305,51,3,66
-7356,2387,2783,60,12,28,-7815,-1463,2336,48,11,71
-7386,2384,2778,60,5,25,-7797,-1496,2381,52,16,75
-7378,2424,2742,58,1,28,-7801,-1497,2399,55,18,74
-7392,2408,2724,52,-1,35,-7798,-1512,2452,57,18,69
-7368,2411,2658,42,0,42,-7814,-1477,2497,51,15,62
-7365,2388,2639,37,2,46,-7824,-1461,2463,36,15,53
-7346,2350,2595,30,6,46,-7833,-1498,2507,27,13,52
-7394,2338,2621,27,9,44,-7825,-1495,2505,30,11,54
-7463,2319,2619,19,9,35,-7786,-1483,2591,29,8,54
-7478,2350,2616,17,10,24,-7809,-1467,2573,8,1,48
-7441,2360,2607,17,12,9,-7792,-1511,2592,-4,-8,41
-7414,2389,2640,24,11,9,-7739,-1521,2557,3,-17,30
-7384,2407,2624,38,13,19,-7734,-1491,2555,16,-22,29
-7360,2424,2630,37,15,25,-7729,-1463,2563,13,-22,32
-7386,2453,2647,26,15,31,-7751,-1470,2575,-2,-24,36
-7423,2403,2627,9,17,32,-7801,-1528,2551,-15,-31,37
-7422,2386,2648,6,14,28,-7775,-1530,2529,-16,-37,30
-7404,2382,2673,15,10,24,-7755,-1567,2500,-11,-41,20
-7399,2399,2663,22,3,23,-7714,-1556,2462,-6,-40,9
-7424,2406,2666,30,-5,22,-7728,-1529,2420,-4,-35,-1
-7413,2393,2676,33,-13,21,-7758,-1508,2362,-8,-31,-5
-7428,2381,2691,44,-20,25,-7746,-1513,2410,-9,-26,-4
-7460,2388,2645,50,-22,23,-7822,-1534,2368,-5,-16,-4
-7465,2382,2656,50,-24,18,-7848,-1550,2355,-4,-8,-9
-7427,2357,2624,48,-25,11,-7845,-1581,2373,-1,1,-22
-7433,2365,2659,44,-26,5,-7809,-1546,2384,6,6,-37
-7404,2391,2634,40,-27,3,-7789,-1507,2432,18,15,-49
-7366,2350,2596,32,-26,1,-7764,-1447,2438,20,18,-54
-7402,2351,2637,28,-29,-2,-7755,-1374,2470,10,19,-49
-7403,2359,2599,25,-30,-7,-7743,-1368,2482,3,19,-43
-7416,2327,2637,28,-30,-13,-7786,-1390,2467,1,21,-30
-7422,2352,2594,29,-30,-21,-7762,-1395,2511,2,21,-25
-7402,2386,2568,29,-29,-23,-7782,-1411,2510,5,20,-20
-7380,2404,2611,28,-27,-24,-7764,-1411,2448,5,19,-18
-7408,2405,2617,27,-26,-22,-7802,-1393,2453,5,19,-12
-7408,2384,2599,27,-26,-20,-7831,-1416,2479,3,19,-8
-7391,2384,2629,28,-25,-20,-7829,-1416,2478,3,21,1
-7420,2381,2628,33,-25,-22,-7826,-1427,2432,3,21,10
-7364,2372,2583,37,-24,-23,-7846,-1437,2442,3,20,17
-7353,2379,2578,41,-24,-24,-7817,-1476,2513,-1,19,19
-7345,2375,2617,38,-18,-27,-7832,-1498,2457,-3,19,21
-7339,2394,2655,32,-18,-28,-7847,-1520,2441,-1,19,19
-7352,2397,2640,19,-15,-28,-7838,-1493,2465,0,21,17
-7325,2409,2634,8,-13,-31,-7860,-1509,2472,0,18,15
-7322,2427,2632,-1,-10,-32,-7852,-1503,2464,-1,14,14
-7362,2430,2634,-6,-8,-32,-7812,-1521,2455,-8,10,14
-7349,2441,2649,-9,-6,-32,-7827,-1491,2498,-13,9,14
-7333,2469,2621,-15,-4,-29,-7856,-1479,2452,-28,5,16
-7319,2464,2612,-16,1,-21,-7872,-1487,2441,-39,2,19
-7351,2461,2632,-10,1,-11,-7865,-1553,2445,-38,0,23
-7373,2445,2628,-5,-1,-3,-7825,-1559,2444,-29,0,23
-7402,2459,2628,-7,-2,-1,-7826,-1526,2426,-31,2,19
-7378,2442,2627,-14,0,-3,-7839,-1509,2424,-43,-1,14
-7329,2466,2653,-24,7,-3,-7808,-1521,2396,-43,-6,12
-7342,2470,2626,-23,9,4,-7826,-1499,2395,-33,-7,16
-7348,2458,2676,-17,9,15,-7811,-1461,2395,-30,-7,26
-7379,2490,2692,-17,7,24,-7832,-1493,2403,-45,-5,36
-7407,2473,2691,-29,9,32,-7881,-1534,2415,-64,-8,41
-7384,2439,2701,-35,11,37,-7868,-1534,2416,-67,-12,40
-7383,2385,2731,-31,12,41,-7849,-1584,2376,-64,-14,38
-7401,2378,2736,-22,11,46,-7849,-1591,2367,-58,-11,37
-7391,2370,2734,-19,4,51,-7807,-1570,2354,-55,-7,33
-7349,2358,2705,-26,2,52,-7844,-1571,2358,-55,-5,30
-7343,2310,2736,-36,1,51,-7811,-1571,2363,-54,-6,30
-7353,2296,2725,-36,0,49,-7829,-1592,2387,-51,-5,34
-7387,2296,2746,-35,-5,43,-7810,-1570,2403,-54,-6,35
-7383,2297,2759,-38,-9,37,-7829,-1582,2387,-68,-7,34
-7389,2299,2736,-45,-12,31,-7832,-1614,2420,-76,-8,31
-7382,2290,2698,-44,-13,29,-7850,-1615,2408,-76,-8,30
-7375,2299,2709,-40,-12,28,-7855,-1597,2400,-70,-7,31
-7375,2308,2651,-36,-14,30,-7814,-1600,2322,-72,-6,31
-7386,2296,2664,-37,-14,31,-7851,-1601,2394,-74,-2,31
-7410,2285,2654,-40,-13,28,-7838,-1632,2424,-68,-1,30
-7408,2270,2650,-40,-12,23,-7863,-1616,2382,-56,-1,30
-7394,2315,2657,-38,-12,16,-7835,-1622,2402,-43,1,31
-7417,2310,2606,-31,-12,13,-7832,-1603,2448,-37,1,32
-7370,2347,2617,-15,-14,14,-7830,-1612,2420,-34,3,34
-7373,2360,2603,-5,-13,18,-7811,-1606,2430,-39,1,37
-7382,2369,2606,7,-10,29,-7827,-1654,2435,-40,2,39
-7386,2393,2621,7,-8,37,-7810,-1669,2467,-32,0,40
-7355,2344,2643,10,-5,46,-7807,-1637,2454,-19,-4,38
-7330,2291,2598,12,-5,50,-7796,-1662,2521,-15,-7,40
-7340,2259,2658,17,-4,48,-7789,-1652,2501,-7,-10,42
-7359,2279,2645,21,-3,41,-7813,-1691,2472,-8,-17,40
-7376,2271,2678,22,-2,33,-7815,-1681,2506,-9,-21,35
-7384,2301,2683,23,-4,27,-7854,-1691,2520,-12,-26,28
-7352,2288,2697,26,-7,24,-7814,-1719,2484,-9,-29,19
-7401,2316,2730,30,-8,27,-7842,-1707,2468,-4,-32,10
-7385,2290,2694,32,-8,29,-7821,-1684,2462,0,-35,4
-7398,2285,2727,35,-11,26,-7791,-1668,2418,8,-34,1
-7416,2290,2690,40,-13,22,-7802,-1675,2412,15,-32,-3
-7346,2291,2726,36,-11,18,-7789,-1637,2382,18,-32,-1
-7309,2288,2729,36,-10,15,-7795,-1665,2393,19,-30,2
-7357,2288,2716,37,-11,11,-7773,-1683,2364,35,-25,2
-7394,2275,2717,40,-15,8,-7796,-1664,2379,46,-20,-3
-7393,2301,2653,37,-18,-4,-7799,-1652,2349,40,-19,-11
-7407,2308,2691,32,-18,-11,-7808,-1639,2362,34,-19,-16
-7366,2353,2715,27,-12,-18,-7813,-1636,2330,45,-21,-18
-7379,2352,2672,32,-8,-14,-7802,-1558,2286,53,-16,-15
-7406,2384,2686,44,-10,-11,-7809,-1539,2332,49,-10,-3
-7390,2395,2673,46,-12,-4,-7804,-1538,2327,40,-5,3
-7397,2374,2674,42,-11,1,-7831,-1584,2330,27,-4,9
-7349,2330,2672,42,-10,2,-7837,-1608,2332,31,-5,7
-7357,2335,2724,52,-9,1,-7823,-1626,2360,40,-3,5
-7354,2348,2733,60,-11,0,-7812,-1593,2319,45,1,1
-7359,2355,2689,62,-15,-3,-7806,-1565,2339,39,6,-1
-7313,2347,2706,59,-15,-8,-7825,-1559,2356,26,9,3
-7340,2357,2687,57,-16,-12,-7814,-1562,2374,26,10,7
-7376,2396,2697,57,-13,-14,-7801,-1576,2404,34,11,13
-7413,2387,2691,56,-14,-15,-7787,-1564,2397,33,11,17
-7386,2433,2664,48,-12,-13,-7819,-1573,2414,23,12,17
-7363,2412,2671,40,-10,-13,-7806,-1563,2482,18,11,16
-7334,2406,2712,34,-7,-10,-7809,-1592,2490,23,8,17
-7338,2420,2707,33,-5,-8,-7809,-1584,2453,26,7,19
-7339,2451,2668,32,-6,-9,-7790,-1577,2508,22,7,22
-7353,2461,2708,26,-4,-7,-7795,-1576,2473,15,3,24
-7371,2446,2673,20,-5,-7,-7830,-1586,2469,8,-4,26
-7356,2474,2700,15,-3,-6,-7826,-1617,2493,7,-8,25
-7352,2491,2702,11,-2,-2,-7805,-1621,2434,9,-8,24
-7362,2495,2669,9,-1,1,-7835,-1608,2441,10,-10,23
-7378,2472,2729,12,-1,12,-7801,-1609,2440,6,-12,23
-7354,2484,2714,15,-1,20,-7810,-1590,2418,3,-15,23
-7351,2427,2735,15,-2,27,-7800,-1620,2412,-2,-16,23
-7352,2454,2781,12,-3,28,-7796,-1625,2411,-2,-16,23
-7344,2427,2736,11,-6,29,-7795,-1632,2386,2,-14,23
-7339,2409,2737,11,-9,26,-7801,-1640,2378,3,-12,22
-7353,2385,2713,12,-11,28,-7840,-1643,2372,4,-12,22
-7341,2401,2719,9,-13,26,-7830,-1630,2350,0,-12,18
-7330,2390,2751,4,-11,28,-7825,-1631,2345,-5,-11,17
-7390,2400,2717,1,-8,29,-7829,-1662,2374,-10,-9,12
-7381,2392,2764,-5,-8,27,-7792,-1632,2381,-10,-6,9
-7357,2394,2694,-10,-8,26,-7790,-1612,2380,-8,-5,7
-7341,2383,2739,-16,-10,25,-7808,-1606,2365,-8,-4,8
-7347,2356,2727,-19,-11,26,-7779,-1607,2367,-5,-4,9
-7367,2358,2709,-15,-12,26,-7764,-1595,2429,-2,-2,10
-7357,2385,2712,-14,-10,23,-7799,-1579,2409,0,-1,11
-7339,2367,2723,-17,-11,23,-7807,-1553,2422,-4,-3,17
-7343,2350,2718,-14,-11,26,-7817,-1594,2394,-8,-3,24
-7392,2341,2691,-12,-14,28,-7838,-1649,2426,-2,-2,27
-7450,2351,2745,-10,-17,22,-7813,-1640,2428,1,-1,23
-7439,2349,2729,-14,-18,16,-7822,-1617,2435,-10,-3,16
-7381,2372,2731,-24,-13,11,-7839,-1656,2459,-17,-7,9
-7331,2381,2712,-23,-10,13,-7796,-1638,2411,-4,-6,10
-7312,2364,2739,-14,-10,21,-7746,-1620,2443,19,-5,17
-7314,2354,2753,-4,-15,27,-7722,-1583,2422,17,-3,24
-7356,2354,2755,-7,-18,26,-7778,-1608,2414,3,-5,31
-7351,2323,2786,-20,-19,21,-7815,-1686,2411,-4,-9,34
-7366,2295,2779,-18,-20,14,-7819,-1700,2447,2,-12,32
-7377,2330,2809,-5,-23,10,-7819,-1697,2358,12,-13,25
-7379,2376,2808,5,-28,8,-7833,-1668,2432,12,-8,20
-7331,2373,2759,3,-28,12,-7811,-1666,2379,1,-6,13
-7283,2371,2766,-5,-27,15,-7835,-1675,2355,-5,-5,11
-7320,2319,2773,-10,-27,17,-7764,-1688,2387,6,-3,11
-7307,2341,2771,-13,-26,14,-7787,-1674,2370,13,1,13
-7321,2342,2744,-19,-29,4,-7777,-1631,2363,9,4,16
-7317,2324,2722,-21,-30,-2,-7774,-1627,2357,1,6,17
-7359,2338,2727,-15,-30,-7,-7811,-1647,2384,3,9,17
-7318,2354,2707,-6,-29,-6,-7812,-1653,2379,15,13,19
-7319,2388,2660,4,-29,1,-7834,-1638,2398,26,18,22
-7340,2370,2657,13,-27,3,-7834,-1661,2411,32,20,26
-7363,2359,2642,16,-23,6,-7802,-1623,2425,31,20,27
-7350,2351,2667,13,-17,8,-7809,-1636,2464,29,19,27
-7362,2329,2635,13,-10,6,-7802,-1641,2411,20,16,27
-7322,2330,2641,15,-3,2,-7820,-1665,2466,19,14,26
-7309,2338,2634,16,3,-1,-7801,-1670,2467,21,10,27
-7308,2346,2673,11,9,-4,-7815,-1645,2455,21,6,27
-7306,2352,2719,6,15,-6,-7822,-1648,2475,14,0,29
-7312,2370,2746,-4,20,-5,-7829,-1690,2455,4,-7,26
-7312,2361,2753,-12,25,-5,-7855,-1678,2440,2,-11,23
-7307,2368,2771,-18,27,-3,-7856,-1677,2455,-5,-16,19
-7292,2363,2785,-20,27,-7,-7850,-1682,2417,-12,-20,14
-7288,2348,2783,-20,27,-8,-7845,-1661,2436,-16,-22,10
-7326,2386,2835,-20,26,-9,-7822,-1674,2436,-11,-23,8
-7352,2415,2823,-19,26,-7,-7814,-1613,2397,-9,-23,6
-7363,2408,2854,-20,25,-3,-7802,-1611,2381,-8,-24,7
-7368,2411,2838,-17,19,2,-7776,-1601,2397,-5,-24,12
-7337,2430,2865,-12,15,9,-7779,-1592,2377,-3,-22,17
-7308,2429,2881,-7,11,17,-7770,-1584,2379,-3,-20,25
-7338,2426,2850,-7,10,23,-7766,-1576,2306,-5,-19,30
-7364,2414,2860,-9,7,24,-7790,-1599,2329,-2,-14,33
-7311,2388,2875,-14,3,28,-7814,-1604,2321,-1,-15,35
-7317,2385,2849,-13,-1,29,-7838,-1626,2334,-3,-13,39
-7328,2343,2823,-7,-7,34,-7813,-1670,2352,-3,-10,40
-7377,2307,2873,-4,-11,38,-7812,-1657,2375,-1,-4,39
-7394,2341,2843,-1,-17,31,-7805,-1645,2348,-8,-1,32
-7350,2339,2817,-6,-17,24,-7815,-1657,2392,-16,-3,26
-7315,2325,2809,-15,-19,20,-7821,-1673,2366,-10,-5,25
-7255,2342,2772,-11,-20,23,-7761,-1639,2365,-3,-6,29
-7299,2347,2753,-2,-20,28,-7781,-1602,2353,-7,-2,35
-7314,2349,2747,-5,-21,32,-7776,-1638,2392,-18,-1,38
-7348,2332,2713,-14,-17,34,-7842,-1645,2403,-27,-1,37
-7350,2301,2691,-20,-12,32,-7859,-1701,2398,-22,-5,34
-7357,2324,2702,-19,-5,28,-7827,-1697,2400,-14,-5,27
-7383,2301,2709,-14,-2,27,-7825,-1674,2411,-13,-2,22
-7323,2306,2718,-11,-2,25,-7798,-1661,2437,-16,-1,18
-7288,2329,2682,-6,0,27,-7796,-1624,2434,-18,-2,18
-7286,2302,2683,-5,3,29,-7797,-1622,2442,-22,-6,20
-7337,2274,2708,-10,7,26,-7767,-1611,2444,-17,-7,23
-7343,2293,2706,-20,11,20,-7780,-1605,2439,-21,-8,27
-7376,2266,2725,-22,12,10,-7773,-1587,2406,-25,-8,28
-7361,2273,2700,-15,14,6,-7828,-1618,2390,-23,-8,29
-7372,2334,2704,-2,13,4,-7814,-1627,2432,-16,-8,32
-7368,2335,2696,4,16,7,-7786,-1631,2461,-7,-5,33
-7371,2356,2717,3,19,12,-7783,-1605,2388,-3,-4,34
-7345,2315,2714,-1,21,13,-7817,-1608,2411,-2,-4,36
-7357,2289,2719,0,21,14,-7795,-1599,2402,0,-1,36
-7369,2272,2725,4,21,11,-7804,-1622,2397,7,-2,36
-7360,2290,2743,11,17,5,-7752,-1633,2385,13,-1,39
-7369,2284,2744,18,16,1,-7787,-1612,2379,13,0,41
-7360,2296,2807,23,13,1,-7785,-1632,2406,9,-2,42
-7394,2295,2781,27,12,-1,-7792,-1644,2333,5,0,42
-7340,2322,2802,30,9,0,-7815,-1670,2365,8,2,40
-7345,2298,2782,32,7,1,-7791,-1699,2334,13,3,37
-7366,2276,2785,34,5,2,-7825,-1691,2388,17,6,31
-7340,2256,2787,34,2,0,-7818,-1685,2377,18,6,26
-7364,2267,2779,37,0,-5,-7812,-1652,2384,18,7,20
-7359,2290,2762,34,-3,-8,-7793,-1639,2376,18,9,18
-7364,2287,2763,34,-3,-13,-7817,-1698,2363,16,9,15
-7343,2327,2804,28,-6,-18,-7821,-1689,2419,17,10,13
-7352,2329,2755,23,-5,-19,-7800,-1664,2442,21,10,8
-7384,2356,2757,19,-5,-16,-7814,-1639,2388,24,9,5
-7421,2341,2748,20,-7,-16,-7778,-1661,2397,28,10,5
-7394,2381,2715,26,-8,-12,-7807,-1611,2412,29,9,4
-7352,2370,2725,27,-7,-8,-7828,-1596,2403,22,6,7
-7328,2383,2777,37,-8,1,-7840,-1617,2430,18,5,12
-7365,2350,2745,45,-10,6,-7817,-1668,2429,26,6,18
-7404,2345,2729,53,-15,7,-7810,-1658,2440,31,5,16
-7404,2320,2766,53,-17,2,-7844,-1662,2422,25,4,6
-7349,2375,2744,42,-15,-6,-7834,-1646,2442,23,-1,-2
-7329,2367,2715,40,-12,-6,-7845,-1661,2396,32,-6,-7
-7301,2377,2747,39,-9,5,-7798,-1609,2433,47,-8,-2
-7346,2366,2780,39,-11,12,-7813,-1564,2450,43,-10,5
-7342,2357,2778,30,-14,18,-7819,-1575,2426,20,-12,11
-7350,2332,2756,24,-17,16,-7847,-1621,2407,8,-20,11
-7345,2306,2758,24,-14,12,-7875,-1651,2386,7,-26,9
-7369,2326,2774,31,-13,9,-7861,-1660,2351,12,-26,2
-7405,2323,2776,37,-14,9,-7854,-1620,2334,16,-22,-4
-7351,2356,2721,32,-14,12,-7848,-1588,2342,11,-22,-7
-7301,2352,2735,19,-11,15,-7835,-1579,2294,5,-20,-2
-7310,2338,2727,9,-9,18,-7824,-1549,2314,6,-19,3
-7353,2303,2714,11,-8,19,-7794,-1550,2345,6,-16,10
-7369,2316,2717,14,-6,14,-7809,-1535,2318,3,-13,16
-7348,2323,2720,14,-5,10,-7799,-1538,2320,-9,-12,19
-7356,2329,2704,12,-1,6,-7832,-1554,2301,-11,-9,22
-7344,2352,2694,9,1,6,-7822,-1576,2320,-3,-6,30
-7326,2361,2686,2,7,9,-7842,-1557,2290,-2,0,34
-7336,2355,2700,-1,8,12,-7803,-1543,2319,-4,2,41
-7346,2371,2703,-6,11,20,-7809,-1552,2351,-5,3,43
-7368,2357,2715,-3,12,22,-7822,-1597,2361,-7,2,45
-7373,2339,2729,4,12,22,-7812,-1568,2365,-5,2,44
-7375,2340,2700,7,13,21,-7792,-1596,2362,-7,4,47
-7376,2333,2716,8,13,20,-7797,-1573,2366,-12,3,50
-7401,2300,2717,7,12,20,-7811,-1596,2340,-17,2,52
-7395,2314,2718,7,11,17,-7810,-1620,2391,-24,0,55
-7381,2313,2715,10,12,21,-7828,-1661,2375,-23,1,55
-7356,2315,2735,9,13,22,-7826,-1677,2392,-20,0,54
-7363,2311,2738,10,12,25,-7818,-1686,2385,-16,3,52
-7388,2305,2778,8,13,23,-7804,-1712,2395,-10,3,45
-7363,2297,2755,4,12,23,-7816,-1700,2368,-8,2,41
-7349,2279,2737,2,12,18,-7820,-1682,2413,-13,-2,36
-7358,2280,2748,1,9,15,-7794,-1675,2421,-17,-3,34
-7380,2299,2804,-1,7,11,-7804,-1671,2430,-24,-6,31
-7381,2298,2781,-3,6,7,-7809,-1688,2429,-25,-6,29
-7379,2319,2764,-3,5,8,-7791,-1677,2437,-22,-7,25
-7372,2316,2747,-8,3,9,-7799,-1681,2376,-19,-8,22
-7384,2310,2725,-9,2,10,-7787,-1692,2388,-13,-8,20
-7377,2318,2748,-7,-2,8,-7775,-1655,2432,-8,-8,18
-7368,2300,2739,-5,-1,7,-7837,-1618,2371,-14,-12,16
-7339,2319,2703,-2,-1,9,-7850,-1614,2365,-23,-14,18
-7352,2313,2693,0,-2,11,-7827,-1671,2380,-22,-10,21
-7436,2312,2737,1,-6,11,-7813,-1668,2400,-13,-6,19
-7426,2286,2712,0,-11,4,-7811,-1645,2358,-11,-3,13
-7411,2315,2652,-3,-10,-2,-7840,-1639,2342,-20,-6,5
-7379,2324,2694,-7,-6,-4,-7832,-1628,2344,-13,-9,1
-7352,2341,2707,0,-4,1,-7798,-1600,2330,4,-7,6
-7339,2341,2694,12,-4,11,-7780,-1543,2333,2,-3,12
-7354,2335,2702,13,-7,15,-7781,-1547,2379,-9,1,22
-7383,2328,2680,1,-8,15,-7826,-1579,2369,-17,-1,26
-7361,2296,2686,-6,-3,13,-7843,-1599,2368,-15,-5,29
-7395,2288,2717,1,-3,8,-7855,-1639,2353,-8,-9,28
-7382,2299,2691,13,-4,6,-7839,-1626,2344,-5,-6,24
-7391,2331,2715,15,-7,7,-7865,-1608,2373,-7,-3,24
-7350,2328,2684,11,-5,9,-7828,-1628,2375,-10,0,20
-7363,2316,2698,3,-3,10,-7840,-1612,2360,-10,-2,21
-7397,2310,2731,2,-1,13,-7827,-1635,2341,0,-3,24
-7401,2318,2730,4,-1,12,-7819,-1609,2378,-1,-3,24
-7380,2317,2727,5,-2,12,-7819,-1585,2386,-14,-4,23
-7373,2329,2732,3,-3,11,-7826,-1633,2341,-16,-3,23
-7349,2328,2707,2,-4,10,-7832,-1669,2406,2,-3,25
-7334,2361,2728,0,-2,15,-7827,-1638,2340,19,-1,27
-7337,2332,2741,1,-5,20,-7848,-1657,2389,24,0,28
-7360,2302,2733,4,-8,23,-7856,-1662,2379,19,-1,26
-7368,2295,2742,7,-9,23,-7840,-1651,2390,17,-4,21
-7408,2320,2735,4,-9,21,-7844,-1650,2415,22,-5,14
-7406,2313,2714,-3,-10,17,-7852,-1643,2389,21,-6,12
-7413,2321,2770,-6,-13,15,-7833,-1616,2402,14,-11,10
-7403,2324,2749,-3,-17,17,-7826,-1633,2430,3,-14,8
-7377,2355,2761,3,-21,19,-7812,-1634,2405,-3,-17,8
-7380,2355,2752,10,-25,25,-7815,-1641,2400,-4,-19,6
-7346,2355,2771,11,-28,28,-7829,-1659,2390,1,-19,5
-7346,2344,2754,12,-31,32,-7817,-1646,2403,8,-20,5
-7345,2330,2755,17,-30,33,-7822,-1637,2402,19,-19,2
-7361,2315,2722,24,-32,33,-7818,-1633,2376,25,-20,1
-7329,2335,2713,26,-34,34,-7815,-1617,2339,35,-20,3
-7348,2302,2707,17,-31,36,-7814,-1591,2389,41,-20,4
-7348,2310,2679,13,-28,38,-7823,-1585,2359,47,-21,8
-7379,2270,2720,7,-24,32,-7815,-1610,2360,45,-22,11
-7373,2273,2694,4,-24,30,-7867,-1616,2409,37,-24,12
-7366,2269,2741,3,-23,25,-7862,-1638,2360,28,-25,10
-7380,2266,2735,5,-23,20,-7852,-1600,2331,15,-28,3
-7366,2274,2697,5,-22,18,-7842,-1587,2381,11,-30,-2
-7366,2279,2695,5,-22,16,-7816,-1563,2354,2,-30,-1
-7357,2311,2708,8,-20,12,-7790,-1574,2361,-2,-29,1
-7346,2328,2712,10,-19,9,-7831,-1542,2388,-4,-26,4
-7329,2324,2728,11,-16,9,-7811,-1538,2358,-5,-23,15
-7347,2305,2736,18,-17,14,-7809,-1604,2337,1,-19,23
-7398,2337,2784,23,-20,15,-7790,-1630,2371,21,-11,30
-7405,2368,2717,27,-20,12,-7788,-1616,2422,27,-7,28
-7381,2357,2749,26,-17,9,-7810,-1626,2429,24,-6,25
-7355,2371,2743,21,-11,8,-7794,-1646,2426,32,-11,23
-7296,2355,2731,22,-10,15,-7785,-1637,2387,52,-12,29
-7292,2381,2825,25,-10,22,-7771,-1587,2416,53,-14,33
-7325,2363,2794,20,-11,25,-7833,-1592,2442,30,-16,39
-7344,2362,2859,3,-11,25,-7833,-1641,2478,10,-21,39
-7361,2317,2805,0,-10,21,-7846,-1701,2418,-1,-30,33
-7354,2317,2810,10,-11,19,-7861,-1720,2403,4,-31,27
-7342,2357,2831,17,-12,19,-7825,-1697,2363,12,-27,20
-7376,2365,2824,21,-16,20,-7811,-1666,2409,12,-24,17
-7309,2357,2826,17,-17,24,-7785,-1647,2369,10,-24,13
-7260,2344,2790,15,-17,28,-7797,-1653,2352,9,-21,10
-7316,2283,2776,11,-15,31,-7738,-1611,2360,15,-19,11
-7349,2278,2741,5,-12,26,-7767,-1612,2335,17,-13,14
-7371,2288,2745,-6,-8,13,-7786,-1592,2355,12,-6,19
-7358,2284,2777,-11,-6,2,-7798,-1588,2352,11,-3,25
-7329,2309,2789,-14,-2,-3,-7817,-1616,2384,14,-3,30
-7334,2340,2782,-13,1,0,-7823,-1615,2369,14,-3,33
-7333,2356,2785,-11,3,6,-7794,-1623,2346,4,-1,30
-7346,2352,2806,-12,3,11,-7793,-1640,2360,-6,-1,25
-7326,2346,2784,-14,6,11,-7797,-1628,2404,-12,0,22
-7334,2314,2807,-16,8,7,-7780,-1634,2366,-15,2,23
-7346,2312,2822,-20,7,0,-7775,-1599,2379,-15,3,24
-7349,2306,2827,-18,6,-5,-7778,-1630,2407,-13,6,29
-7357,2333,2831,-19,4,-7,-7804,-1614,2386,-14,6,34
-7346,2353,2833,-20,7,-5,-7800,-1619,2387,-18,8,37
-7348,2358,2812,-22,8,-2,-7763,-1646,2375,-19,9,35
-7349,2367,2815,-21,9,5,-7789,-1663,2441,-17,9,31
-7324,2345,2812,-20,9,9,-7792,-1673,2414,-16,9,28
-7325,2327,2832,-18,7,11,-7797,-1637,2438,-19,8,26
-7309,2300,2849,-18,5,10,-7817,-1644,2436,-23,7,26
-7283,2312,2855,-22,4,5,-7804,-1647,2437,-29,6,30
-7326,2308,2838,-22,1,1,-7801,-1653,2397,-28,9,32
-7308,2301,2813,-19,-1,-4,-7821,-1670,2422,-22,10,31
-7301,2324,2796,-19,0,-6,-7806,-1627,2446,-20,10,29
-7335,2361,2781,-19,1,-7,-7782,-1625,2431,-19,10,28
-7329,2343,2751,-20,1,-4,-7779,-1621,2394,-20,12,27
-7368,2350,2765,-21,4,-3,-7760,-1612,2409,-16,13,29
-7309,2359,2754,-26,8,-4,-7770,-1591,2419,-16,14,34
-7318,2330,2738,-30,14,0,-7800,-1569,2385,-21,14,41
-7269,2310,2685,-27,17,4,-7831,-1624,2391,-20,12,49
-7330,2272,2736,-18,18,8,-7799,-1643,2416,-14,13,52
-7317,2274,2764,-14,17,6,-7788,-1632,2396,-18,16,44
-7344,2304,2714,-18,20,-3,-7788,-1642,2359,-25,14,35
-7317,2313,2717,-25,25,-7,-7810,-1631,2315,-19,11,28
-7298,2320,2709,-24,27,-4,-7826,-1582,2344,-7,11,30
-7350,2300,2735,-11,25,5,-7813,-1553,2362,-4,14,38
-7389,2300,2716,-6,24,10,-7813,-1559,2306,-16,17,46
-7423,2274,2759,-11,22,14,-7829,-1600,2328,-27,20,50
-7379,2253,2737,-8,24,14,-7847,-1611,2343,-25,20,49
-7412,2210,2724,8,22,12,-7854,-1654,2342,-15,21,44
-7418,2193,2748,27,19,11,-7816,-1645,2360,-6,26,41
-7423,2208,2773,50,16,6,-7810,-1614,2397,-1,30,39
-7366,2219,2743,55,14,2,-7781,-1608,2412,-2,30,39
-7372,2219,2765,49,16,-2,-7834,-1641,2420,-5,30,44
-7320,2213,2736,39,21,-6,-7832,-1679,2460,2,28,48
-7342,2227,2799,21,24,-14,-7841,-1679,2490,5,25,46
-7301,2232,2773,9,25,-21,-7859,-1680,2528,-3,20,40
-7325,2278,2805,-4,23,-30,-7873,-1711,2529,-8,14,28
-7309,2316,2817,-8,22,-33,-7882,-1694,2520,-2,6,16
-7325,2327,2826,-14,22,-31,-7865,-1653,2553,6,0,11
-7370,2373,2826,-17,18,-25,-7879,-1602,2487,9,-8,9
-7426,2403,2824,-19,12,-16,-7843,-1582,2476,1,-17,10
-7430,2416,2788,-11,6,-8,-7839,-1595,2470,-8,-27,12
-7422,2405,2798,1,1,1,-7841,-1589,2457,-12,-33,13
-7431,2409,2786,19,-5,14,-7817,-1575,2398,-8,-38,13
-7438,2393,2778,32,-9,24,-7832,-1589,2365,-3,-38,16
-7422,2374,2760,47,-13,34,-7810,-1573,2335,6,-36,21
-7393,2383,2716,53,-14,42,-7794,-1591,2326,16,-34,24
-7378,2350,2713,52,-14,49,-7793,-1605,2283,23,-30,27
-7342,2303,2709,47,-12,52,-7797,-1592,2257,28,-26,28
-7315,2267,2731,40,-10,49,-7794,-1631,2310,32,-21,27
-7316,2241,2693,31,-8,46,-7825,-1642,2243,31,-19,24
-7349,2213,2698,21,-5,39,-7816,-1651,2291,30,-16,20
-7338,2220,2701,10,-2,32,-7851,-1644,2252,28,-14,14
-7386,2234,2696,-2,0,27,-7857,-1649,2282,21,-12,6
-7392,2205,2691,-6,2,25,-7868,-1641,2272,13,-10,0
-7414,2222,2693,-2,0,24,-7894,-1575,2239,-5,-10,-3
-7401,2246,2709,5,-1,23,-7877,-1573,2246,-16,-8,-3
-7389,2225,2677,8,0,23,-7839,-1568,2231,-17,-4,-3
-7393,2235,2677,7,3,24,-7810,-1541,2251,-9,2,2
-7433,2227,2718,6,4,22,-7826,-1531,2253,-1,7,6
-7427,2209,2675,13,2,18,-7821,-1521,2278,4,11,13
-7441,2189,2709,24,3,15,-7845,-1511,2319,4,12,19
-7408,2203,2716,38,3,17,-7862,-1539,2347,5,16,30
-7428,2244,2650,39,10,22,-7825,-1567,2351,12,19,37
-7430,2193,2671,24,14,16,-7810,-1569,2376,13,19,37
-7425,2195,2675,16,18,5,-7827,-1570,2363,1,17,32
-7367,2202,2716,2,18,-9,-7851,-1592,2385,-4,8,27
-7345,2208,2689,-3,21,-15,-7861,-1577,2387,5,1,27
-7367,2212,2725,2,21,-19,-7839,-1548,2361,8,-1,36
-7361,2247,2753,0,21,-18,-7852,-1536,2365,-8,-1,41
-7366,2267,2762,-14,21,-16,-7866,-1618,2370,-30,-8,43
-7393,2278,2765,-19,20,-19,-7902,-1669,2375,-33,-14,41
-7386,2291,2813,-15,17,-19,-7862,-1666,2331,-27,-20,33
-7402,2307,2809,-1,10,-16,-7847,-1643,2307,-17,-19,26
-7399,2322,2756,12,5,-5,-7840,-1607,2321,-16,-16,23
-7402,2351,2762,13,2,0,-7844,-1596,2288,-20,-13,21
-7349,2348,2767,-1,0,4,-7840,-1597,2255,-18,-12,23
-7346,2326,2774,-6,-2,10,-7832,-1626,2254,-13,-12,27
-7358,2312,2743,1,-5,13,-7783,-1612,2307,-8,-9,30
-7414,2324,2774,8,-9,13,-7806,-1626,2286,-14,-9,27
-7370,2300,2728,10,-15,14,-7844,-1621,2293,-23,-7,22
-7402,2326,2696,8,-15,12,-7848,-1627,2252,-29,-7,17
-7381,2305,2667,8,-14,14,-7884,-1630,2271,-26,-4,17
-7403,2354,2662,-3,-8,17,-7879,-1599,2292,-26,-1,19
-7429,2297,2655,-11,-7,21,-7859,-1613,2247,-33,4,21
-7367,2315,2654,-11,0,28,-7828,-1646,2288,-36,8,20
-7418,2323,2630,-10,2,32,-7845,-1644,2284,-27,8,17
-7370,2286,2635,-14,5,36,-7808,-1636,2294,-13,7,14
-7374,2256,2686,-17,6,36,-7845,-1580,2326,-6,7,15
-7416,2239,2674,-13,8,35,-7825,-1574,2343,-4,4,21
-7411,2250,2702,-7,6,33,-7833,-1568,2351,-6,3,27
-7392,2245,2707,-2,6,34,-7806,-1605,2359,-12,-2,32
-7417,2240,2726,4,4,36,-7833,-1647,2344,-11,-5,32
-7430,2207,2747,13,3,37,-7865,-1651,2332,-11,-9,31
-7405,2234,2718,15,2,40,-7880,-1674,2367,-12,-11,30
-7395,2212,2744,16,2,38,-7862,-1658,2342,-13,-13,26
-7404,2153,2747,14,-1,35,-7851,-1668,2356,-12,-16,23
-7398,2149,2738,14,-4,31,-7837,-1671,2317,-10,-18,20
-7389,2147,2737,20,-9,24,-7848,-1668,2321,-7,-19,18
-7367,2150,2701,16,-12,18,-7835,-1643,2330,-8,-20,16
-7389,2136,2712,15,-13,8,-7868,-1630,2290,-11,-20,16
-7405,2144,2712,16,-14,-1,-7889,-1645,2341,-16,-19,14
-7418,2197,2709,9,-13,-7,-7863,-1632,2287,-18,-18,13
-7408,2204,2718,0,-13,-12,-7867,-1613,2282,-16,-17,14
-7411,2238,2644,-5,-11,-13,-7839,-1616,2275,-10,-14,16
-7407,2237,2629,2,-11,-15,-7854,-1593,2287,-1,-9,18
-7387,2250,2610,7,-9,-13,-7823,-1576,2325,11,-8,22
-7319,2279,2646,8,-6,-12,-7834,-1565,2296,12,-4,27
-7353,2264,2633,17,-4,-5,-7844,-1602,2267,15,-3,36
-7427,2277,2620,25,-6,-3,-7845,-1603,2325,23,0,39
-7458,2291,2667,35,-7,-8,-7846,-1608,2342,22,2,38
-7442,2318,2630,34,-7,-12,-7863,-1624,2353,9,0,33
-7367,2351,2593,32,2,-11,-7831,-1652,2340,7,-7,28
-7318,2338,2594,35,7,-4,-7819,-1615,2335,17,-9,28
-7322,2351,2623,40,11,5,-7808,-1605,2314,27,-7,35
-7371,2350,2629,37,15,19,-7847,-1589,2356,19,-5,40
-7384,2339,2639,26,17,23,-7893,-1644,2325,2,-8,43
-7394,2329,2669,8,22,21,-7919,-1672,2319,-2,-13,40
-7379,2319,2699,5,23,18,-7942,-1674,2284,4,-16,29
-7412,2316,2675,18,24,19,-7873,-1635,2297,7,-14,21
-7346,2313,2660,28,20,24,-7869,-1627,2309,7,-10,17
-7369,2325,2684,31,18,31,-7831,-1601,2331,6,-7,15
-7363,2319,2706,26,20,37,-7843,-1573,2345,9,-8,18
-7408,2284,2724,24,18,40,-7834,-1576,2316,14,-10,27
-7419,2267,2684,28,15,38,-7818,-1542,2343,16,-11,33
-7433,2278,2701,30,13,31,-7807,-1560,2347,7,-8,37
-7404,2270,2684,29,12,29,-7832,-1562,2327,-1,-7,34
-7400,2272,2692,22,12,27,-7827,-1586,2346,6,-6,32
-7403,2284,2651,21,14,29,-7838,-1583,2340,21,-8,32
-7380,2238,2651,18,14,28,-7842,-1541,2352,27,-9,37
-7390,2248,2683,12,13,28,-7828,-1548,2346,18,-11,39
-7403,2240,2648,5,16,25,-7838,-1558,2327,6,-12,39
-7383,2246,2652,-1,17,20,-7831,-1551,2335,2,-14,39
-7431,2249,2648,-2,16,15,-7850,-1543,2352,0,-14,37
-7462,2269,2616,-10,18,8,-7846,-1537,2275,-1,-15,36
-7459,2274,2603,-17,20,6,-7836,-1531,2239,-7,-14,37
-7469,2278,2633,-21,22,5,-7832,-1507,2285,-12,-14,38
-7436,2274,2616,-16,22,7,-7819,-1529,2238,-16,-10,40
-7442,2287,2599,-10,23,8,-7806,-1526,2285,-13,-7,42
-7453,2278,2627,-5,20,12,-7795,-1527,2242,-10,-4,46
-7417,2292,2659,-4,21,10,-7795,-1525,2263,-9,0,49
-7422,2260,2647,0,20,10,-7808,-1550,2269,-9,4,52
-7416,2269,2664,0,18,4,-7824,-1585,2284,-7,8,54
-7428,2287,2691,-1,16,0,-7843,-1585,2292,-2,12,54
-7444,2304,2681,-5,13,-2,-7842,-1609,2325,3,16,52
-7457,2311,2685,-7,10,0,-7867,-1634,2300,7,17,47
-7439,2311,2684,-10,6,3,-7856,-1645,2319,8,18,39
-7411,2307,2701,-8,4,4,-7822,-1645,2363,4,16,31
-7414,2308,2697,-9,2,6,-7841,-1602,2376,0,11,24
-7405,2313,2691,-14,-3,7,-7859,-1596,2385,-5,9,19
-7415,2295,2700,-22,-7,4,-7813,-1607,2400,-11,2,17
-7438,2314,2705,-25,-10,1,-7852,-1606,2412,-9,1,14
-7423,2338,2697,-26,-12,-1,-7855,-1591,2433,-12,-3,9
-7372,2368,2652,-29,-14,2,-7879,-1569,2414,-19,-8,8
-7378,2390,2648,-30,-14,9,-7856,-1615,2410,-22,-12,7
-7435,2350,2686,-25,-20,20,-7825,-1601,2406,-15,-11,5
-7464,2356,2662,-23,-23,24,-7824,-1556,2392,1,-18,2
-7457,2356,2673,-25,-26,21,-7839,-1600,2439,10,-27,-2
-7443,2344,2680,-27,-26,20,-7814,-1554,2361,6,-26,-6
-7391,2343,2657,-23,-24,27,-7805,-1527,2373,18,-26,0
-7386,2326,2657,-14,-27,35,-7805,-1469,2347,22,-19,7
-7375,2323,2648,-9,-30,46,-7795,-1514,2316,3,-12,17
-7419,2321,2628,-16,-29,49,-7835,-1549,2318,-4,-15,19
-7418,2253,2661,-29,-29,48,-7879,-1613,2370,4,-21,17
-7409,2237,2650,-22,-30,45,-7903,-1587,2308,14,-25,14
-7432,2229,2694,-1,-33,43,-7851,-1624,2303,21,-23,8
-7448,2253,2648,9,-36,42,-7901,-1549,2268,10,-17,4
-7389,2246,2644,12,-36,44,-7837,-1564,2297,-13,-13,0
-7369,2235,2640,6,-34,42,-7845,-1611,2301,-15,-13,0
-7372,2170,2643,1,-31,40,-7815,-1592,2321,-6,-14,0
-7394,2173,2636,0,-31,35,-7815,-1560,2269,2,-11,3
-7403,2162,2633,-3,-28,27,-7816,-1556,2318,-8,-9,5
-7388,2172,2613,-11,-27,16,-7815,-1548,2301,-16,-8,4
-7407,2198,2644,-14,-23,12,-7865,-1591,2317,-12,-11,5
-7381,2203,2619,-14,-19,7,-7871,-1575,2345,-3,-12,5
-7388,2227,2644,-11,-18,8,-7896,-1582,2342,1,-14,7
-7371,2220,2650,-12,-17,7,-7885,-1576,2351,1,-19,2
-7385,2221,2661,-12,-16,6,-7841,-1578,2360,8,-23,7
-7384,2207,2652,-12,-15,1,-7820,-1515,2341,7,-26,10
-7387,2259,2704,-12,-16,-3,-7826,-1524,2347,-19,-21,11
-7375,2271,2675,-11,-14,-6,-7842,-1555,2348,-30,-18,14
-7380,2306,2675,-11,-15,-7,-7869,-1576,2322,-25,-20,14
-7406,2305,2683,-5,-15,-1,-7850,-1632,2359,0,-26,16
-7397,2315,2703,0,-14,5,-7839,-1578,2351,26,-29,23
-7393,2320,2691,8,-16,11,-7847,-1551,2342,31,-30,32
-7360,2310,2693,12,-18,15,-7844,-1580,2344,25,-28,34
-7350,2309,2686,16,-16,21,-7845,-1688,2377,19,-29,33
-7375,2299,2718,18,-16,23,-7815,-1612,2394,44,-31,35
-7362,2284,2734,19,-14,23,-7801,-1580,2379,30,-30,33
-7359,2252,2731,19,-15,23,-7832,-1610,2358,27,-26,31
-7366,2266,2650,17,-14,22,-7844,-1653,2415,31,-26,35
-7410,2258,2727,14,-14,20,-7796,-1582,2394,39,-24,36
-7402,2268,2716,10,-12,17,-7829,-1615,2392,10,-20,35
-7397,2258,2698,8,-8,17,-7823,-1612,2350,-3,-13,29
-7376,2254,2697,9,-6,19,-7836,-1628,2369,-6,-14,25
-7364,2254,2702,9,-5,19,-7808,-1627,2405,1,-15,23
-7388,2263,2729,9,-4,20,-7836,-1634,2377,2,-17,16
-7371,2248,2727,0,0,17,-7841,-1640,2382,24,-25,17
-7366,2216,2746,-1,1,17,-7825,-1536,2338,48,-33,23
-7369,2247,2763,2,-4,17,-7839,-1554,2346,23,-29,28
-7410,2217,2761,6,-6,15,-7761,-1616,2330,-9,-18,25
-7425,2212,2737,11,-9,6,-7809,-1640,2331,-14,-9,20
-7440,2263,2809,9,-9,2,-7828,-1692,2332,-7,-4,9
-7412,2263,2845,7,-14,-1,-7799,-1699,2407,42,-8,6
-7342,2271,2904,23,-25,6,-7813,-1597,2321,81,-3,7
-7296,2263,2818,66,-44,19,-7807,-1589,2414,87,12,22
-7266,2252,2791,93,-56,32,-7800,-1606,2489,92,24,34
-7272,2272,2739,103,-57,39,-7837,-1654,2621,79,28,43
-7313,2243,2713,95,-52,39,-7896,-1686,2681,58,22,41
-7371,2202,2662,90,-47,34,-7895,-1697,2728,29,-4,25
-7406,2197,2604,92,-47,24,-7887,-1697,2705,10,-26,9
-7396,2219,2537,93,-39,15,-7844,-1698,2641,-11,-47,-11
-7332,2248,2469,73,-15,9,-7828,-1668,2537,-10,-60,-21
-7302,2268,2473,43,12,5,-7780,-1611,2552,-2,-71,-28
-7335,2281,2496,-14,44,-1,-7779,-1591,2543,-2,-79,-28
-7357,2290,2584,-53,59,-11,-7775,-1570,2463,-11,-88,-26
-7396,2263,2667,-78,67,-25,-7778,-1540,2404,-29,-97,-28
-7410,2285,2714,-69,65,-32,-7835,-1550,2311,-63,-103,-35
-7426,2354,2697,-37,62,-31,-7831,-1569,2290,-66,-106,-38
-7394,2421,2734,-23,65,-30,-7782,-1506,2292,-38,-107,-30
-7392,2462,2813,-33,71,-19,-7798,-1420,2255,-39,-97,-23
-7377,2481,2872,-51,71,-14,-7772,-1535,2245,-43,-92,-10
-7356,2481,2923,-67,62,-11,-7845,-1486,2263,-8,-95,-6
-7335,2459,2948,-69,48,-6,-7834,-1545,2172,15,-95,-3
-7320,2477,2961,-64,34,3,-7804,-1624,2193,81,-96,7
-7313,2457,2937,-56,24,12,-7828,-1486,2083,148,-101,14
-7386,2439,2926,-38,14,24,-7725,-1310,2375,232,-101,46
-7393,2433,2916,-17,5,36,-7507,-985,2398,175,-87,49
-7373,2432,2835,-19,2,42,-7629,-1266,2397,-50,-14,66
-7364,2410,2877,-35,-2,49,-7660,-1398,2381,-114,24,80
-7367,2334,2850,-44,-7,51,-7775,-1698,2431,-126,53,104
-7397,2287,2806,-42,-18,56,-7743,-1713,2497,-28,50,117
-7364,2274,2846,-30,-23,58,-7697,-1503,2548,30,50,117
-7421,2254,2766,-20,-25,58,-7698,-1426,2566,-7,55,132
-7434,2245,2715,-21,-24,56,-7697,-1549,2576,-108,68,135
-7421,2182,2672,-36,-19,52,-7723,-1574,2628,-154,84,127
-7389,2140,2722,-46,-15,44,-7768,-1684,2545,-210,101,104
-7400,2144,2685,-57,-14,27,-7792,-1972,2551,-196,101,75
-7370,2131,2650,-59,-14,17,-7816,-1914,2588,-100,82,53
-7400,2132,2628,-54,-14,10,-7765,-1815,2608,-72,69,35
-7387,2162,2593,-51,-9,7,-7776,-1748,2595,-102,70,18
-7359,2124,2540,-48,2,4,-7777,-1721,2545,-143,78,9
-7342,2114,2576,-49,11,1,-7800,-1826,2496,-173,95,-1
-7362,2112,2598,-52,17,-4,-7847,-1909,2424,-158,109,-7
-7406,2147,2626,-56,21,-17,-7891,-1856,2456,-103,102,-4
-7422,2153,2585,-59,23,-28,-7867,-1757,2491,-69,83,8
-7382,2214,2593,-56,29,-33,-7894,-1761,2447,-57,49,-9
-7362,2246,2611,-47,37,-29,-7830,-1714,2450,-55,28,2
-7326,2264,2657,-37,48,-16,-7797,-1665,2471,-51,20,10
-7335,2280,2664,-34,53,-12,-7733,-1695,2517,-47,18,9
-7363,2274,2707,-44,55,-10,-7806,-1657,2527,-43,18,7
-7340,2258,2724,-46,54,-8,-7880,-1647,2499,-31,8,5
-7335,2257,2719,-36,53,-10,-7908,-1615,2518,-24,-3,4
-7331,2296,2714,-33,55,-8,-7914,-1548,2499,-26,-17,6
-7392,2344,2750,-50,60,-5,-7886,-1527,2451,-36,-23,9
-7365,2348,2808,-67,57,0,-7896,-1505,2444,-50,-26,9
-7313,2298,2812,-57,42,6,-7876,-1500,2442,-64,-30,7
-7316,2321,2763,-35,33,15,-7891,-1521,2486,-79,-37,9
-7331,2349,2664,-26,32,25,-7893,-1508,2466,-84,-40,17
-7335,2365,2708,-42,37,31,-7898,-1477,2399,-86,-50,33
-7342,2346,2684,-73,40,30,-7860,-1469,2422,-91,-55,43
-7338,2382,2720,-82,38,30,-7878,-1480,2384,-105,-60,56
-7348,2383,2749,-79,30,34,-7852,-1475,2400,-114,-61,66
-7395,2437,2734,-60,20,46,-7806,-1508,2378,-113,-60,79
-7421,2473,2665,-44,15,62,-7783,-1528,2351,-102,-57,89
-7417,2446,2688,-22,14,87,-7776,-1588,2325,-78,-53,104
-7439,2403,2622,-8,17,103,-7784,-1598,2347,-57,-48,114
-7458,2393,2642,-8,21,117,-7807,-1615,2314,-42,-42,123
-7451,2377,2639,-16,20,121,-7779,-1624,2296,-30,-39,129
-7445,2291,2698,-14,15,124,-7758,-1640,2300,-32,-34,130
-7408,2256,2663,2,9,126,-7744,-1667,2326,-36,-27,129
-7398,2249,2633,24,5,128,-7768,-1707,2333,-33,-23,128
-7385,2234,2636,27,7,129,-7789,-1742,2338,-25,-17,126
-7386,2183,2633,15,10,126,-7810,-1763,2303,-18,-13,126
-7378,2118,2625,10,13,120,-7830,-1772,2380,-10,-11,120
-7363,2082,2689,14,10,106,-7842,-1796,2417,-10,-11,110
-7362,2123,2628,17,10,96,-7877,-1800,2420,-11,-12,92
-7415,2143,2558,13,15,84,-7893,-1783,2484,-17,-14,77
-7441,2145,2625,4,20,74,-7877,-1784,2489,-19,-19,59
-7461,2166,2602,-4,26,61,-7821,-1741,2530,-17,-22,44
-7493,2199,2606,0,27,52,-7776,-1698,2523,-15,-31,30
-7466,2221,2642,2,27,47,-7780,-1677,2522,-20,-40,22
-7460,2248,2661,-9,31,42,-7771,-1634,2546,-31,-49,17
-7465,2242,2637,-19,33,37,-7737,-1630,2509,-36,-54,14
-7448,2245,2694,-30,37,29,-7734,-1622,2492,-34,-58,8
-7428,2270,2686,-34,37,22,-7750,-1609,2435,-37,-61,2
-7439,2298,2731,-35,32,18,-7754,-1609,2411,-35,-63,0
-7478,2333,2745,-39,27,15,-7762,-1611,2395,-26,-61,-3
-7508,2324,2757,-45,19,9,-7753,-1578,2408,-16,-56,-6
-7530,2332,2773,-48,13,1,-7794,-1589,2379,-9,-59,-15
-7443,2352,2742,-53,7,-6,-7789,-1613,2362,4,-62,-19
-7440,2395,2762,-52,7,-9,-7774,-1503,2344,22,-65,-23
-7378,2406,2764,-56,1,-4,-7771,-1452,2337,12,-58,-20
-7383,2404,2754,-57,-6,0,-7774,-1426,2321,-17,-45,-15
-7401,2399,2765,-56,-18,3,-7765,-1402,2303,-52,-29,-11
-7385,2391,2712,-55,-23,6,-7805,-1443,2269,-86,-15,-6
-7393,2398,2684,-52,-24,7,-7845,-1465,2289,-93,-9,-3
-7417,2391,2656,-48,-26,9,-7879,-1545,2278,-61,-12,-3
-7421,2399,2644,-38,-31,10,-7801,-1580,2301,-11,-17,-1
-7390,2393,2620,-26,-37,10,-7718,-1377,2375,53,-13,27
-7368,2437,2605,-25,-38,16,-7731,-1275,2358,10,3,43
-7353,2421,2610,-29,-34,23,-7734,-1417,2395,-65,26,55
-7399,2395,2610,-27,-34,29,-7749,-1496,2402,-100,42,62
-7373,2394,2592,-26,-32,34,-7795,-1602,2460,-107,51,64
-7352,2373,2626,-26,-32,37,-7807,-1615,2492,-94,49,59
-7338,2355,2591,-22,-32,39,-7855,-1651,2476,-81,39,55
-7360,2325,2573,-19,-29,41,-7881,-1640,2493,-77,33,54
-7375,2293,2572,-13,-27,37,-7884,-1673,2547,-74,23,50
-7380,2307,2587,-12,-26,33,-7855,-1673,2507,-72,18,45
-7365,2300,2578,-13,-26,29,-7825,-1688,2530,-68,12,38
-7378,2301,2590,-11,-25,25,-7771,-1700,2464,-61,7,28
-7396,2284,2577,-1,-21,25,-7747,-1692,2459,-56,5,23
-7388,2290,2574,8,-16,25,-7744,-1696,2431,-42,8,21
-7402,2292,2552,17,-11,26,-7722,-1700,2444,-21,13,25
-7437,2283,2593,20,-6,27,-7732,-1716,2426,10,19,33
-7431,2242,2572,19,1,25,-7732,-1719,2456,30,22,38
-7422,2196,2619,19,3,18,-7757,-1762,2433,51,24,39
-7425,2194,2628,25,3,14,-7790,-1746,2476,58,27,36
-7416,2154,2683,40,-1,7,-7782,-1751,2418,58,29,25
-7405,2156,2695,58,-5,4,-7767,-1802,2434,60,31,17
-7425,2154,2694,76,-12,-2,-7780,-1784,2397,68,31,8
-7429,2125,2717,84,-15,-9,-7782,-1801,2423,82,31,2
-7429,2119,2716,90,-20,-19,-7823,-1790,2455,95,33,-7
-7407,2102,2704,97,-25,-30,-7850,-1759,2440,100,34,-16
-7414,2125,2723,104,-31,-48,-7833,-1764,2445,103,36,-27
-7412,2139,2706,111,-34,-58,-7812,-1744,2498,114,35,-35
-7417,2175,2691,116,-37,-73,-7816,-1694,2512,129,32,-44
-7439,2224,2715,115,-40,-78,-7810,-1630,2493,136,29,-48
-7421,2285,2653,111,-40,-85,-7790,-1616,2521,139,26,-45
-7461,2289,2666,111,-40,-88,-7807,-1612,2529,143,27,-43
-7419,2317,2665,116,-40,-94,-7806,-1598,2553,152,25,-42
-7412,2350,2711,119,-39,-94,-7835,-1590,2526,152,20,-38
-7404,2371,2747,128,-44,-92,-7816,-1600,2515,147,15,-34
-7406,2416,2753,136,-47,-87,-7841,-1677,2523,156,11,-35
-7442,2417,2762,143,-50,-82,-7801,-1644,2558,161,12,-39
-7438,2453,2752,144,-51,-82,-7837,-1660,2490,145,5,-46
-7414,2450,2772,144,-53,-78,-7831,-1641,2480,134,-2,-51
-7383,2468,2775,150,-55,-72,-7781,-1705,2429,142,-10,-52
-7356,2486,2800,154,-60,-64,-7750,-1673,2398,156,-11,-51
-7335,2507,2781,149,-61,-49,-7765,-1646,2413,157,-9,-50
-7336,2512,2811,135,-62,-42,-7788,-1653,2388,143,-10,-51
-7286,2456,2802,117,-61,-32,-7863,-1715,2397,132,-15,-52
-7285,2435,2820,106,-59,-26,-7880,-1708,2375,134,-23,-56
-7264,2416,2804,97,-57,-22,-7902,-1683,2357,131,-28,-64
-7269,2417,2823,88,-55,-19,-7898,-1638,2347,116,-29,-72
-7218,2415,2789,70,-55,-15,-7866,-1596,2335,86,-32,-79
-7202,2399,2766,55,-50,-13,-7852,-1570,2265,68,-33,-80
-7275,2426,2713,40,-45,-8,-7849,-1547,2301,66,-35,-74
-7283,2439,2732,31,-37,-4,-7836,-1510,2307,69,-33,-68
-7319,2425,2744,13,-28,1,-7851,-1482,2295,68,-34,-59
-7314,2429,2735,2,-22,7,-7842,-1423,2273,49,-34,-48
-7339,2443,2741,0,-20,13,-7842,-1427,2276,28,-32,-37
-7330,2442,2727,6,-17,22,-7858,-1435,2284,13,-27,-19
-7316,2452,2731,9,-13,34,-7834,-1429,2297,5,-23,-3
-7283,2417,2771,-1,-7,45,-7820,-1425,2289,-3,-19,15
-7272,2397,2756,-10,-3,51,-7816,-1447,2306,-11,-19,27
-7286,2382,2750,-19,1,54,-7823,-1468,2340,-17,-16,42
-7299,2332,2779,-22,2,52,-7825,-1462,2356,-19,-12,52
-7350,2330,2788,-28,6,47,-7810,-1506,2344,-26,-9,63
-7350,2365,2779,-31,7,46,-7829,-1519,2353,-32,-5,72
-7366,2377,2789,-35,11,51,-7806,-1547,2386,-38,-4,82
-7327,2391,2797,-39,13,57,-7802,-1585,2399,-42,-3,89
-7336,2372,2777,-46,18,66,-7787,-1593,2384,-42,-4,98
-7310,2359,2815,-54,21,68,-7767,-1609,2408,-46,-5,102
-7323,2291,2833,-67,25,68,-7789,-1640,2384,-60,-8,106
-7322,2296,2843,-76,23,68,-7774,-1648,2431,-71,-10,108
-7345,2253,2807,-79,22,63,-7802,-1665,2423,-74,-12,109
-7367,2237,2828,-76,19,62,-7785,-1692,2425,-75,-15,109
-7372,2238,2841,-76,18,59,-7829,-1698,2414,-75,-16,106
-7356,2256,2816,-81,18,54,-7827,-1727,2420,-77,-16,103
-7358,2244,2819,-85,21,53,-7838,-1744,2401,-76,-16,99
-7356,2216,2801,-91,22,49,-7824,-1749,2410,-76,-17,90
-7402,2255,2796,-97,23,44,-7824,-1740,2401,-78,-18,86
-7394,2253,2792,-103,23,38,-7813,-1733,2380,-87,-18,78
-7389,2254,2758,-108,24,34,-7807,-1742,2393,-94,-18,75
-7356,2267,2756,-115,29,32,-7770,-1726,2395,-99,-16,68
-7334,2250,2762,-115,30,32,-7784,-1726,2381,-104,-17,67
-7295,2233,2712,-110,29,35,-7779,-1711,2354,-96,-15,64
-7370,2236,2773,-110,30,35,-7791,-1726,2422,-85,-11,64
-7419,2247,2759,-118,34,25,-7805,-1686,2402,-83,-7,60
-7439,2269,2768,-128,39,15,-7841,-1672,2417,-92,-7,54
-7423,2303,2782,-134,41,10,-7849,-1676,2429,-99,-14,46
-7401,2312,2817,-125,41,16,-7804,-1665,2396,-97,-17,43
-7376,2334,2772,-110,37,30,-7792,-1644,2410,-100,-16,41
-7351,2332,2752,-106,33,40,-7792,-1611,2376,-104,-15,40
-7346,2290,2743,-110,30,52,-7796,-1598,2398,-107,-15,40
-7360,2239,2764,-111,35,53,-7797,-1608,2437,-103,-17,42
-7371,2221,2743,-108,35,48,-7852,-1599,2378,-92,-18,44
-7386,2237,2740,-105,34,45,-7842,-1595,2379,-86,-17,45
-7395,2239,2751,-104,30,41,-7831,-1572,2404,-84,-17,47
-7328,2256,2779,-99,25,42,-7856,-1542,2384,-90,-16,45
-7338,2256,2720,-90,25,48,-7842,-1553,2367,-93,-15,47
-7340,2245,2749,-78,24,58,-7820,-1550,2387,-87,-15,49
-7393,2218,2710,-78,24,59,-7818,-1540,2380,-84,-11,52
-7395,2187,2701,-77,23,57,-7788,-1528,2351,-78,-7,61
-7423,2151,2691,-65,20,53,-7772,-1561,2348,-74,-1,68
-7407,2164,2669,-46,19,45,-7778,-1560,2371,-58,5,81
-7408,2152,2648,-40,20,43,-7760,-1556,2367,-44,11,89
-7417,2148,2638,-44,24,39,-7770,-1602,2399,-30,14,97
-7356,2149,2642,-43,27,36,-7803,-1624,2409,-28,17,97
-7386,2132,2634,-42,31,33,-7808,-1640,2465,-27,17,85
-7362,2115,2637,-39,34,30,-7847,-1621,2515,-29,16,70
-7429,2126,2626,-32,37,22,-7842,-1576,2571,-21,10,55
-7441,2124,2662,-26,36,15,-7839,-1555,2527,-8,4,57
-7440,2120,2666,-9,31,9,-7777,-1495,2535,-3,-3,72
-7447,2153,2656,10,26,7,-7775,-1486,2518,-9,-9,83
-7444,2156,2652,27,26,6,-7773,-1532,2500,-17,-12,96
-7428,2139,2640,34,24,6,-7780,-1635,2455,-9,-13,101
-7370,2134,2663,38,25,2,-7804,-1675,2438,8,-12,100
-7376,2138,2632,43,27,-6,-7828,-1693,2450,16,-10,92
-7410,2137,2631,43,27,-15,-7834,-1730,2418,20,-8,77
-7399,2184,2659,37,29,-24,-7845,-1759,2450,28,-7,66
-7416,2196,2661,31,30,-30,-7829,-1766,2436,36,-7,53
-7408,2246,2721,24,32,-35,-7831,-1731,2391,39,-8,36
-7411,2267,2717,26,32,-37,-7788,-1724,2401,37,-9,24
-7404,2299,2697,32,26,-37,-7780,-1699,2441,31,-9,11
-7399,2341,2727,35,23,-36,-7812,-1657,2426,24,-9,5
-7374,2340,2747,36,20,-26,-7806,-1682,2370,17,-10,1
-7362,2339,2781,40,15,-18,-7814,-1692,2357,19,-10,-3
-7440,2326,2762,51,6,-8,-7798,-1669,2350,21,-5,-15
-7457,2321,2777,57,0,-8,-7774,-1644,2360,27,-1,-28
-7448,2354,2737,56,-2,-8,-7797,-1640,2370,27,-1,-43
-7413,2378,2719,55,-5,-4,-7810,-1591,2336,36,0,-50
-7397,2368,2717,57,-8,7,-7801,-1535,2375,44,1,-49
-7387,2367,2769,61,-13,14,-7788,-1496,2360,40,4,-44
-7406,2318,2682,64,-17,19,-7799,-1511,2389,30,8,-36
-7421,2322,2719,68,-19,21,-7824,-1522,2382,27,10,-36
-7412,2300,2695,65,-15,20,-7852,-1516,2384,29,9,-36
-7423,2289,2699,57,-15,21,-7865,-1518,2420,37,9,-38
-7409,2284,2736,52,-13,17,-7886,-1483,2447,43,10,-39
-7403,2291,2714,43,-15,14,-7874,-1439,2449,41,7,-42
-7378,2279,2715,31,-15,12,-7841,-1431,2455,28,4,-39
-7379,2290,2716,22,-16,13,-7855,-1407,2470,18,-2,-38
-7380,2300,2725,19,-16,14,-7838,-1401,2471,13,-7,-34
-7384,2285,2709,7,-16,14,-7827,-1377,2503,5,-16,-24
-7405,2265,2686,2,-17,13,-7830,-1391,2453,-2,-23,-17
-7392,2286,2687,0,-14,12,-7867,-1386,2482,-12,-35,-5
-7409,2320,2716,-4,-14,11,-7844,-1390,2410,-20,-41,5
-7416,2321,2743,-23,-12,12,-7833,-1399,2387,-31,-48,16
-7431,2322,2777,-24,-18,17,-7818,-1416,2351,-41,-49,21
-7435,2321,2729,7,-33,29,-7825,-1459,2302,-51,-47,30
-7408,2296,2721,30,-35,38,-7828,-1469,2248,-52,-43,36
-7375,2280,2672,34,-29,47,-7833,-1497,2211,-45,-33,45
-7373,2284,2654,18,-20,48,-7798,-1539,2229,-30,-24,54
-7379,2236,2648,-5,-12,42,-7801,-1564,2214,-11,-13,62
-7383,2204,2694,-22,-10,32,-7835,-1579,2213,-6,-7,65
-7361,2214,2708,-21,-14,25,-7796,-1580,2244,-11,0,68
-7381,2261,2632,-20,-12,24,-7817,-1616,2227,-20,4,68
-7393,2269,2645,-22,-8,27,-7836,-1635,2287,-28,8,66
-7381,2252,2660,-21,-2,33,-7832,-1649,2294,-33,10,63
-7406,2211,2624,-14,-1,33,-7844,-1657,2309,-38,12,56
-7400,2247,2611,-16,3,29,-7863,-1655,2336,-45,10,50
-7370,2279,2614,-37,13,23,-7923,-1659,2460,-55,10,38
-7377,2281,2600,-73,26,18,-7912,-1601,2531,-62,11,15
-7364,2272,2625,-87,33,14,-7909,-1533,2525,-77,5,-16
-7376,2300,2734,-80,34,14,-7859,-1501,2609,-61,-6,-42
-7385,2345,2713,-61,34,22,-7820,-1422,2669,-19,-14,-43
-7369,2385,2741,-39,33,39,-7842,-1240,2642,20,-24,-8
-7318,2343,2766,-32,35,56,-7826,-1153,2644,3,-37,36
-7312,2324,2754,-30,37,72,-7829,-1213,2696,-45,-58,100
-7363,2283,2778,-37,34,74,-7816,-1351,2677,-51,-73,147
-7374,2272,2779,-62,33,61,-7816,-1436,2623,-34,-92,178
-7413,2272,2808,-86,33,44,-7823,-1448,2562,-49,-102,180
-7358,2288,2826,-104,36,31,-7853,-1550,2493,-75,-108,174
-7344,2378,2794,-111,37,33,-7904,-1628,2509,-63,-114,167
-7362,2425,2865,-112,36,43,-7941,-1624,2460,-33,-120,161
-7387,2459,2889,-123,34,64,-7934,-1600,2476,-33,-125,158
-7423,2437,2877,-138,34,79,-7929,-1584,2474,-62,-135,153
-7387,2386,2898,-139,27,92,-7965,-1604,2360,-97,-143,146
-7354,2347,2883,-127,20,97,-7941,-1673,2318,-135,-150,134
-7357,2388,2812,-115,17,101,-7884,-1738,2301,-144,-146,120
-7386,2418,2839,-123,18,106,-7820,-1744,2255,-135,-141,98
-7425,2407,2810,-143,18,111,-7737,-1665,2210,-143,-140,77
-7397,2390,2842,-152,10,115,-7706,-1616,2166,-186,-138,53
-7357,2366,2825,-150,3,121,-7728,-1622,2146,-218,-130,41
-7362,2372,2764,-157,7,123,-7767,-1628,2118,-231,-118,34
-7364,2320,2756,-190,20,118,-7793,-1615,2099,-232,-98,31
-7363,2303,2745,-215,26,112,-7771,-1566,2094,-237,-86,27
-7392,2295,2736,-225,24,101,-7733,-1548,2092,-255,-71,16
-7387,2255,2729,-217,20,93,-7751,-1494,2044,-278,-54,10
-7364,2280,2684,-207,16,89,-7729,-1477,2027,-299,-22,4
-7341,2286,2632,-199,22,85,-7692,-1494,2027,-297,5,3
-7412,2277,2598,-197,29,81,-7683,-1493,2080,-268,39,7
-7409,2253,2671,-196,38,76,-7661,-1430,2116,-242,61,15
-7441,2241,2653,-195,41,68,-7647,-1361,2077,-233,89,31
-7404,2199,2629,-191,44,55,-7648,-1358,2125,-236,113,46
-7380,2221,2634,-198,49,46,-7702,-1369,2266,-224,150,70
-7394,2224,2625,-208,58,34,-7747,-1430,2383,-202,168,89
-7381,2228,2693,-208,64,27,-7825,-1485,2582,-182,176,112
-7396,2238,2719,-201,59,23,-7858,-1543,2680,-172,174,123
-7381,2236,2762,-185,51,25,-7826,-1584,2850,-160,162,129
-7374,2243,2741,-156,37,27,-7836,-1592,2921,-153,151,127
-7375,2237,2751,-128,31,28,-7879,-1569,3072,-166,128,124
-7405,2249,2758,-94,22,32,-7889,-1680,3122,-192,106,122
-7361,2233,2721,-73,18,34,-7881,-1762,3270,-199,65,112
-7352,2269,2711,-61,15,35,-7857,-1772,3239,-200,32,101
-7342,2285,2676,-68,18,36,-7833,-1793,3291,-220,0,84
-7355,2288,2718,-95,28,35,-7828,-1919,3185,-167,-46,60
-7375,2255,2732,-110,32,31,-7792,-1899,3081,-96,-79,45
-7351,2252,2762,-115,34,29,-7780,-1706,2927,-24,-110,40
-7307,2282,2772,-113,36,34,-7792,-1626,2794,-11,-127,48
-7309,2304,2823,-105,36,43,-7779,-1609,2660,-35,-145,62
-7366,2287,2849,-98,30,55,-7798,-1673,2577,-57,-154,71
-7447,2290,2889,-94,24,58,-7820,-1729,2430,-71,-162,71
-7450,2264,2941,-91,16,57,-7841,-1737,2368,-72,-161,63
-7407,2246,2923,-80,5,56,-7825,-1754,2273,-64,-154,51
-7321,2247,2922,-51,-9,61,-7807,-1790,2207,-48,-145,41
-7323,2237,2933,-25,-23,70,-7780,-1749,2120,-24,-125,29
-7335,2218,2887,0,-38,77,-7752,-1741,2124,-16,-109,21
-7354,2199,2873,7,-46,77,-7787,-1752,2067,-8,-84,14
-7373,2122,2804,13,-51,70,-7810,-1792,2057,2,-67,10
-7361,2127,2774,19,-54,62,-7833,-1800,2046,31,-43,3
-7350,2139,2700,31,-59,51,-7804,-1772,2063,54,-23,-4
-7398,2130,2733,38,-62,44,-7818,-1715,2099,69,1,-19
-7351,2125,2656,44,-60,35,-7817,-1694,2163,67,21,-31
-7362,2143,2650,47,-58,30,-7807,-1696,2163,65,42,-43
-7392,2167,2637,58,-58,24,-7768,-1653,2221,78,56,-50
-7429,2156,2679,75,-59,20,-7783,-1644,2314,98,68,-54
-7423,2164,2637,95,-59,17,-7774,-1568,2363,118,79,-63
-7442,2161,2632,120,-60,13,-7741,-1529,2477,127,81,-66
-7426,2151,2628,139,-59,7,-7795,-1454,2534,131,81,-61
-7383,2160,2611,155,-53,2,-7755,-1415,2564,124,79,-50
-7386,2147,2593,157,-49,-1,-7731,-1386,2604,112,80,-34
-7359,2109,2573,160,-41,-12,-7718,-1397,2613,110,78,-19
-7386,2118,2606,160,-37,-22,-7739,-1435,2652,113,75,-2
-7395,2087,2628,155,-31,-43,-7761,-1454,2673,115,71,6
-7390,2105,2659,151,-26,-59,-7799,-1540,2691,119,64,14
-7421,2115,2666,151,-19,-81,-7841,-1557,2698,129,58,16
-7375,2173,2674,153,-16,-93,-7868,-1605,2680,143,50,17
-7338,2205,2698,157,-9,-99,-7879,-1624,2724,150,42,17
-7337,2211,2674,160,-5,-99,-7872,-1613,2671,149,24,14
-7380,2232,2655,158,4,-102,-7842,-1599,2646,140,11,12
-7359,2256,2685,151,14,-106,-7802,-1650,2598,130,-1,7
-7377,2258,2782,134,24,-116,-7807,-1662,2549,129,-8,4
-7367,2269,2758,123,26,-122,-7825,-1631,2515,129,-12,3
-7337,2306,2884,120,23,-126,-7796,-1677,2465,129,-17,3
-7333,2352,2930,129,14,-127,-7821,-1675,2460,130,-21,1
-7301,2394,2929,135,8,-121,-7832,-1681,2430,127,-24,-4
-7331,2421,2973,138,-3,-113,-7833,-1666,2444,122,-27,-12
-7368,2442,2970,136,-12,-106,-7773,-1682,2407,106,-33,-28
-7344,2510,3022,121,-21,-100,-7796,-1661,2319,82,-36,-43
-7328,2493,3010,106,-30,-98,-7762,-1674,2303,54,-35,-63
-7369,2491,3021,101,-47,-92,-7717,-1686,2276,54,-27,-73
-7383,2522,3065,112,-63,-87,-7651,-1665,2264,68,-18,-83
-7328,2566,3025,129,-80,-74,-7721,-1603,2275,76,-10,-83
-7318,2611,3037,134,-93,-58,-7771,-1607,2268,83,2,-76
-7346,2593,3053,139,-107,-35,-7736,-1630,2278,83,14,-67
-7334,2568,3070,155,-118,-21,-7834,-1626,2205,81,34,-62
-7370,2561,3025,181,-134,-4,-7854,-1687,2189,92,54,-60
-7366,2536,2991,205,-149,13,-7810,-1724,2264,147,78,-55
-7289,2542,2896,223,-156,40,-7778,-1708,2326,196,93,-51
-7224,2486,2856,221,-152,61,-7816,-1682,2394,241,104,-45
-7218,2403,2830,206,-146,80,-7882,-1630,2489,247,104,-42
-7243,2323,2797,201,-140,86,-7921,-1650,2537,237,97,-39
-7273,2260,2785,204,-137,87,-7937,-1671,2584,233,91,-35
-7233,2257,2752,203,-125,84,-7887,-1667,2599,237,81,-33
-7264,2246,2681,192,-111,83,-7892,-1632,2643,235,68,-32
-7263,2182,2636,175,-92,80,-7960,-1569,2686,210,44,-31
-7233,2122,2572,171,-77,75,-7973,-1559,2655,181,22,-25
-7249,2120,2521,175,-48,69,-7929,-1585,2666,162,1,-19
-7265,2137,2500,163,-22,66,-7879,-1591,2648,156,-27,-11
-7269,2153,2492,111,22,58,-7839,-1526,2573,147,-50,-7
-7265,2101,2525,64,51,50,-7894,-1495,2548,114,-77,-3
-7235,2044,2610,24,84,36,-7916,-1487,2517,93,-93,1
-7207,2011,2666,7,102,21,-7976,-1503,2432,77,-105,14
-7220,2019,2729,-7,119,1,-7982,-1501,2363,63,-111,22
-7233,2061,2778,-19,124,-15,-7947,-1487,2345,36,-117,27
-7284,2062,2823,-36,126,-36,-7889,-1475,2334,13,-123,26
-7283,2114,2897,-38,123,-53,-7841,-1501,2285,-2,-125,17
-7350,2169,2871,-29,114,-73,-7808,-1515,2268,-1,-121,7
-7364,2232,2902,-27,109,-90,-7752,-1460,2219,3,-108,-5
-7404,2296,2962,-31,101,-110,-7805,-1419,2256,-2,-96,-9
-7464,2381,2958,-38,92,-120,-7875,-1301,2300,-34,-82,-16
-7526,2462,3003,-48,80,-127,-7860,-1258,2293,-80,-78,-25
-7537,2563,3036,-50,60,-124,-7823,-1302,2296,-116,-69,-35
-7520,2631,3085,-39,42,-110,-7755,-1316,2275,-96,-55,-38
-7489,2635,3082,-3,20,-80,-7673,-1279,2298,-32,-33,-21
-7467,2675,3026,22,4,-52,-7614,-1228,2313,3,-20,3
-7442,2655,2971,38,-13,-13,-7579,-1130,2389,8,-8,46
-7417,2610,2996,41,-25,12,-7549,-1159,2370,-5,-2,85
-7367,2564,2956,38,-37,30,-7540,-1215,2401,-12,3,131
-7351,2502,2917,32,-44,37,-7531,-1299,2391,-6,12,187
-7363,2506,2895,25,-52,42,-7553,-1348,2355,-5,20,220
-7363,2483,2904,19,-57,46,-7628,-1470,2369,-6,37,253
-7366,2442,2862,19,-64,54,-7678,-1560,2389,8,45,272
-7364,2436,2810,34,-72,64,-7749,-1650,2394,34,56,285
-7418,2382,2776,56,-75,78,-7844,-1669,2456,49,62,282
-7439,2390,2724,52,-71,85,-7899,-1773,2479,49,69,268
-7420,2345,2698,23,-60,83,-7938,-1861,2555,42,72,241
-7403,2286,2670,8,-57,79,-7980,-1904,2578,24,68,187
-7359,2243,2678,7,-55,74,-7943,-1942,2600,13,62,139
-7287,2175,2591,24,-52,65,-7909,-1942,2595,7,54,79
-7271,2203,2560,23,-46,57,-7865,-1868,2597,-6,47,37
-7251,2198,2511,-8,-25,43,-7863,-1795,2627,-30,42,-7
-7258,2186,2478,-35,-7,30,-7860,-1753,2626,-44,33,-29
-7283,2190,2482,-47,11,5,-7831,-1717,2636,-49,21,-43
-7270,2197,2482,-46,24,-8,-7840,-1681,2606,-53,9,-51
-7309,2289,2472,-48,42,-22,-7825,-1637,2592,-70,-1,-67
-7310,2305,2485,-53,59,-22,-7820,-1633,2626,-84,-9,-78
-7321,2354,2460,-66,82,-17,-7797,-1597,2600,-96,-16,-98
-7335,2376,2484,-78,100,-11,-7808,-1588,2551,-95,-23,-112
-7344,2392,2593,-103,122,-7,-7813,-1568,2571,-91,-27,-124
-7359,2426,2636,-125,132,-7,-7840,-1484,2575,-84,-33,-134
-7333,2378,2765,-136,134,-7,-7824,-1454,2543,-79,-36,-137
-7354,2359,2761,-130,129,-4,-7837,-1408,2488,-80,-38,-139
-7342,2392,2831,-116,118,1,-7807,-1350,2493,-81,-38,-136
-7351,2401,2866,-107,108,9,-7783,-1301,2394,-83,-35,-128
-7401,2382,2868,-99,88,18,-7771,-1281,2418,-83,-30,-119
-7418,2382,2867,-84,73,23,-7773,-1266,2374,-75,-21,-103
-7460,2384,2825,-67,59,28,-7782,-1248,2326,-67,-13,-86
-7458,2365,2810,-43,46,37,-7779,-1243,2325,-57,-3,-59
-7468,2348,2802,-31,39,44,-7766,-1195,2313,-53,4,-35
-7430,2343,2798,-26,33,53,-7724,-1196,2295,-50,19,3
-7430,2313,2799,-29,30,59,-7694,-1186,2326,-50,28,32
-7432,2302,2836,-35,23,65,-7677,-1233,2296,-41,42,75
-7425,2233,2852,-33,16,67,-7679,-1325,2367,-24,53,105
-7417,2201,2893,-20,3,69,-7694,-1347,2400,4,65,144
-7456,2189,2913,-1,-10,70,-7692,-1378,2393,17,71,172
-7514,2173,2933,28,-29,70,-7692,-1413,2390,25,80,207
-7453,2163,3022,47,-46,69,-7734,-1495,2429,28,86,227
-7338,2118,2955,83,-78,72,-7876,-1577,2457,41,100,252
-7288,2077,2887,132,-105,74,-7888,-1687,2519,70,111,265
-7295,2056,2789,203,-129,77,-7887,-1828,2641,130,121,273
-7350,2062,2693,233,-132,79,-7923,-1883,2780,225,118,266
-7299,2074,2598,230,-126,75,-7907,-1848,2841,257,100,250
-7263,2022,2472,219,-121,66,-7924,-1808,2937,229,67,217
-7336,1980,2465,212,-111,44,-7914,-1827,2930,182,44,182
-7413,1952,2406,209,-100,17,-7847,-1886,2941,130,13,129
-7445,1988,2351,196,-77,-18,-7856,-1893,2952,101,-12,86
-7452,2104,2304,147,-37,-66,-7824,-1917,2917,75,-50,32
-7411,2180,2312,89,-2,-95,-7827,-1868,2860,67,-81,-4
-7315,2229,2367,16,34,-122,-7804,-1780,2775,52,-112,-39
-7338,2243,2443,-16,52,-135,-7815,-1719,2730,21,-131,-59
-7359,2270,2566,-18,65,-153,-7849,-1718,2641,-22,-148,-85
-7378,2334,2558,-14,72,-164,-7857,-1745,2580,-39,-159,-103
-7375,2439,2648,-15,81,-162,-7862,-1727,2593,-44,-172,-129
-7377,2501,2702,-18,89,-156,-7838,-1669,2484,-45,-177,-148
-7374,2572,2777,-18,91,-142,-7809,-1656,2385,-50,-176,-174
-7352,2603,2817,-14,85,-130,-7831,-1640,2366,-50,-172,-192
-7339,2641,2860,-5,69,-108,-7847,-1570,2280,-46,-162,-212
-7328,2659,2830,4,58,-84,-7816,-1554,2248,-34,-150,-220
-7326,2667,2864,9,49,-52,-7778,-1490,2214,-14,-131,-223
-7357,2690,2932,3,45,-32,-7751,-1439,2188,-3,-114,-219
-7374,2659,2947,-1,32,-5,-7763,-1371,2153,-1,-96,-210
-7403,2600,2968,10,12,9,-7711,-1334,2144,0,-69,-190
-7414,2566,2966,45,-15,26,-7718,-1336,2142,6,-46,-168
-7417,2588,2897,72,-32,40,-7702,-1307,2115,25,-16,-135
-7420,2585,2848,83,-40,55,-7685,-1281,2171,35,4,-107
-7421,2553,2820,80,-47,74,-7662,-1279,2236,43,27,-70
-7425,2509,2824,73,-52,87,-7692,-1298,2275,46,46,-44
-7417,2449,2812,73,-66,99,-7696,-1302,2310,54,63,-14
-7421,2386,2804,80,-75,104,-7725,-1336,2395,61,76,3
-7389,2399,2733,85,-80,112,-7763,-1367,2444,67,87,20
-7393,2370,2676,77,-78,122,-7796,-1393,2484,66,88,34
-7364,2325,2700,61,-73,126,-7799,-1380,2510,56,87,47
-7367,2286,2714,52,-71,126,-7819,-1402,2537,45,83,57
-7339,2243,2684,50,-73,119,-7817,-1423,2613,29,76,70
-7348,2227,2622,51,-77,113,-7843,-1424,2620,18,69,80
-7330,2200,2575,48,-73,102,-7812,-1456,2624,-2,57,89
-7375,2193,2545,37,-65,94,-7809,-1477,2639,-14,49,96
-7344,2166,2531,15,-46,77,-7817,-1504,2652,-30,38,101
-7350,2174,2542,-1,-33,61,-7806,-1523,2666,-40,30,105
-7367,2159,2484,-20,-20,37,-7790,-1560,2679,-48,20,108
-7385,2193,2509,-28,-11,21,-7795,-1577,2675,-52,14,110
-7368,2218,2520,-44,3,5,-7800,-1564,2622,-58,4,114
-7328,2258,2478,-64,23,-2,-7808,-1572,2623,-66,-7,120
-7343,2261,2521,-74,36,-7,-7810,-1617,2628,-69,-13,123
-7367,2264,2580,-82,47,-14,-7795,-1612,2571,-76,-22,121
-7367,2269,2608,-87,52,-21,-7759,-1625,2629,-93,-27,113
-7371,2293,2612,-94,58,-35,-7791,-1676,2556,-107,-39,97
-7361,2295,2642,-92,62,-40,-7777,-1705,2527,-82,-41,82
-7345,2341,2679,-85,66,-43,-7775,-1605,2379,-67,-40,81
-7367,2380,2687,-83,68,-42,-7782,-1646,2367,-100,-28,91
-7393,2381,2731,-81,64,-41,-7813,-1676,2426,-98,-21,87
-7381,2431,2730,-81,64,-40,-7840,-1714,2427,-83,-20,84
-7365,2437,2730,-78,61,-32,-7812,-1566,2453,-65,-26,83
-7363,2459,2748,-71,57,-25,-7802,-1652,2374,-111,-12,78
-7375,2455,2723,-56,50,-11,-7825,-1764,2431,-101,-5,66
-7395,2464,2752,-45,43,-2,-7795,-1701,2422,-82,-2,54
-7348,2486,2749,-43,38,12,-7812,-1685,2397,-76,-3,39
-7339,2470,2742,-42,33,24,-7775,-1658,2443,-71,-2,32
-7362,2471,2739,-43,27,38,-7752,-1624,2422,-56,4,30
-7398,2460,2703,-44,24,46,-7753,-1607,2447,-45,9,30
-7399,2430,2738,-48,22,51,-7801,-1586,2476,-40,12,33
-7441,2405,2674,-43,16,58,-7841,-1587,2474,-41,12,32
-7426,2397,2684,-29,9,66,-7837,-1598,2507,-37,11,34
-7416,2390,2628,-2,3,82,-7828,-1573,2579,-35,6,32
-7438,2363,2622,9,5,89,-7836,-1545,2559,-44,3,29
-7406,2302,2614,10,8,98,-7800,-1535,2572,-67,-4,26
-7388,2248,2536,7,11,95,-7838,-1541,2571,-71,-8,26
-7351,2201,2558,3,14,87,-7770,-1534,2566,-65,-13,27
-7341,2173,2534,11,15,79,-7709,-1487,2496,-64,-14,28
-7427,2153,2463,39,18,65,-7674,-1434,2381,-85,-11,30
-7451,2189,2417,40,32,51,-7689,-1480,2359,-93,0,37
-7428,2223,2445,-20,67,29,-7705,-1531,2346,-56,25,55
-7425,2226,2501,-87,93,6,-7768,-1553,2356,-6,42,74
-7415,2227,2640,-146,107,-29,-7839,-1571,2503,38,52,98
-7443,2247,2715,-154,101,-44,-7856,-1582,2555,43,46,107
-7451,2297,2848,-125,80,-52,-7897,-1643,2617,28,34,102
-7435,2397,2865,-89,60,-47,-7906,-1700,2669,16,24,91
-7453,2432,2900,-58,33,-32,-7898,-1738,2719,8,9,64
-7457,2435,2870,-35,14,-14,-7913,-1745,2721,3,-6,42
-7499,2460,2844,-7,-6,5,-7878,-1718,2720,-3,-30,15
-7515,2470,2803,39,-32,25,-7854,-1717,2698,-8,-51,-2
-7523,2514,2767,59,-47,40,-7786,-1667,2655,-15,-72,-21
-7454,2520,2668,54,-56,63,-7783,-1629,2609,-23,-82,-34
-7402,2484,2595,33,-56,79,-7758,-1617,2517,-31,-90,-40
-7368,2401,2532,1,-50,96,-7754,-1622,2477,-29,-94,-41
-7396,2341,2582,-19,-47,102,-7684,-1623,2435,-14,-96,-41
-7480,2280,2566,-37,-45,95,-7686,-1577,2427,1,-93,-42
-7509,2251,2587,-42,-46,86,-7746,-1552,2405,-8,-93,-40
-7475,2225,2569,-29,-50,71,-7770,-1590,2347,-27,-95,-41
-7425,2234,2577,-4,-49,65,-7764,-1581,2346,-33,-95,-42
-7403,2251,2555,24,-50,67,-7816,-1561,2242,-36,-85,-42
-7369,2244,2559,27,-49,69,-7776,-1571,2263,-41,-72,-43
-7351,2243,2532,12,-43,69,-7809,-1563,2252,-42,-52,-40
-7344,2224,2527,6,-39,64,-7845,-1561,2215,-38,-38,-35
-7310,2136,2540,20,-34,52,-7832,-1565,2255,-14,-20,-28
-7327,2142,2524,38,-29,40,-7814,-1556,2255,4,-5,-21
-7329,2151,2543,49,-24,27,-7801,-1543,2294,14,16,-12
-7339,2154,2535,65,-23,9,-7791,-1520,2314,20,31,-6
-7338,2185,2541,73,-20,-4,-7777,-1566,2354,36,51,3
-7384,2240,2536,71,-11,-20,-7752,-1539,2425,57,62,11
-7384,2271,2547,61,-6,-29,-7755,-1504,2488,71,71,23
-7377,2306,2565,46,6,-39,-7743,-1476,2528,62,71,32
-7407,2315,2580,43,10,-46,-7820,-1513,2571,48,69,40
-7396,2346,2599,40,17,-53,-7844,-1544,2595,47,67,45
-7420,2416,2543,36,25,-53,-7837,-1576,2638,53,65,50
-7392,2439,2585,16,34,-53,-7846,-1572,2719,56,57,53
-7385,2472,2596,-7,42,-51,-7836,-1568,2719,50,46,54
-7362,2418,2648,-25,45,-50,-7839,-1604,2751,30,24,52
-7376,2458,2673,-26,44,-52,-7789,-1623,2750,20,7,47
-7363,2511,2735,-25,39,-48,-7789,-1632,2725,14,-12,37
-7383,2529,2757,-25,32,-40,-7785,-1602,2734,2,-27,29
-7361,2551,2718,-20,18,-23,-7778,-1589,2657,-22,-51,24
-7341,2540,2751,-13,12,-6,-7771,-1600,2637,-40,-66,20
-7334,2555,2717,-11,7,22,-7789,-1587,2532,-59,-78,18
-7339,2498,2648,-13,4,39,-7800,-1589,2528,-65,-80,15
-7345,2444,2668,-11,0,51,-7814,-1613,2412,-61,-78,18
-7374,2419,2635,-5,-5,59,-7826,-1603,2379,-52,-73,22
-7382,2401,2606,-7,-6,60,-7834,-1592,2401,-33,-65,29
-7366,2389,2554,-17,0,60,-7858,-1610,2396,-15,-59,32
-7340,2364,2520,-29,6,59,-7834,-1586,2377,-3,-52,29
-7331,2345,2510,-40,14,55,-7829,-1542,2396,-7,-46,22
-7359,2324,2540,-46,17,53,-7803,-1524,2432,-28,-46,15
-7401,2360,2564,-50,19,49,-7780,-1508,2411,-45,-46,12
-7430,2323,2595,-55,18,43,-7752,-1465,2346,-59,-47,20
-7475,2306,2594,-45,12,39,-7726,-1453,2333,-71,-43,32
-7490,2313,2595,-19,6,36,-7709,-1450,2303,-77,-31,48
-7416,2341,2606,21,4,37,-7755,-1504,2310,-71,-8,65
-7369,2340,2591,38,6,42,-7762,-1521,2325,-62,4,77
-7313,2301,2520,47,9,48,-7751,-1576,2325,-48,18,86
-7337,2261,2515,44,11,47,-7742,-1619,2371,-27,33,87
-7445,2293,2538,18,16,35,-7733,-1606,2404,9,57,88
-7490,2267,2537,0,21,18,-7769,-1621,2451,23,71,90
-7469,2288,2550,-4,25,0,-7793,-1634,2562,30,75,95
-7449,2279,2549,15,25,-9,-7782,-1650,2543,38,73,100
-7395,2313,2527,43,24,-7,-7738,-1662,2595,49,69,104
-7340,2332,2504,70,28,3,-7717,-1661,2616,46,66,103
-7324,2357,2540,64,33,8,-7757,-1698,2676,30,59,94
-7299,2329,2551,35,41,8,-7788,-1719,2720,21,48,83
-7308,2285,2511,13,44,2,-7846,-1724,2748,15,28,68
-7365,2293,2527,-11,49,-14,-7833,-1714,2754,11,13,56
-7440,2316,2558,-27,53,-28,-7845,-1689,2683,4,-2,38
-7444,2358,2552,-43,54,-39,-7832,-1654,2675,-8,-13,25
-7418,2384,2610,-43,49,-39,-7833,-1596,2598,-26,-26,11
-7437,2428,2655,-13,38,-26,-7799,-1621,2608,-28,-32,3
-7466,2441,2650,17,27,-14,-7799,-1593,2538,-18,-36,-1
-7463,2408,2589,53,18,3,-7778,-1541,2539,-15,-35,0
-7480,2410,2563,68,15,8,-7770,-1518,2479,-9,-30,6
-7435,2382,2521,72,17,8,-7755,-1529,2452,11,-20,20
-7423,2352,2538,69,18,1,-7756,-1529,2443,30,-9,31
-7374,2358,2548,56,19,-8,-7728,-1521,2462,48,1,45
-7354,2354,2511,44,24,-13,-7749,-1545,2491,57,9,51
-7368,2407,2527,30,28,-19,-7800,-1587,2506,75,16,52
-7376,2441,2575,16,34,-20,-7827,-1585,2563,91,18,48
-7443,2443,2610,7,33,-21,-7832,-1575,2553,102,13,42
-7500,2477,2646,7,26,-16,-7819,-1550,2597,91,8,35
-7488,2467,2651,16,18,-9,-7795,-1533,2578,64,1,26
-7460,2491,2668,32,8,6,-7784,-1545,2585,50,-4,20
-7462,2520,2684,39,2,17,-7763,-1561,2571,48,-7,16
-7431,2480,2683,43,-7,31,-7717,-1536,2553,56,-11,16
-7445,2468,2686,42,-17,36,-7731,-1551,2589,72,-18,18
-7385,2422,2701,33,-28,41,-7778,-1531,2577,74,-23,17
-7387,2420,2699,24,-37,41,-7777,-1527,2559,62,-31,13
-7409,2408,2642,16,-47,40,-7799,-1565,2542,49,-36,5
-7413,2410,2650,16,-52,38,-7805,-1571,2532,42,-39,-6
-7433,2402,2617,19,-58,40,-7827,-1554,2559,42,-42,-13
-7411,2407,2627,23,-62,48,-7842,-1547,2517,45,-46,-19
-7402,2417,2578,27,-67,55,-7837,-1515,2528,44,-53,-21
-7390,2404,2603,25,-69,57,-7805,-1489,2458,37,-58,-23
-7374,2349,2565,19,-73,57,-7790,-1458,2445,25,-60,-26
-7413,2323,2491,23,-71,52,-7749,-1440,2426,17,-57,-27
-7430,2328,2500,30,-70,45,-7706,-1419,2365,13,-47,-22
-7468,2320,2431,30,-61,35,-7739,-1458,2429,14,-35,-17
-7477,2332,2427,20,-53,26,-7759,-1409,2378,18,-21,-11
-7432,2341,2428,3,-37,19,-7786,-1429,2393,22,-13,-3
-7398,2309,2445,-4,-29,14,-7801,-1483,2411,36,-3,11
-7412,2349,2477,-11,-24,9,-7770,-1473,2482,42,3,16
-7441,2357,2519,-16,-22,-4,-7778,-1450,2488,21,6,14
-7397,2371,2522,-24,-18,-15,-7789,-1479,2520,-1,5,10
-7356,2384,2541,-23,-15,-19,-7791,-1515,2567,-5,1,4
-7348,2418,2542,-9,-12,-15,-7780,-1519,2537,3,0,4
-7353,2444,2547,-2,-10,-9,-7749,-1483,2589,9,0,6
-7360,2469,2599,-11,-10,-2,-7774,-1468,2607,2,-1,9
-7411,2446,2564,-22,-8,-1,-7763,-1475,2579,-9,-6,11
-7425,2448,2622,-28,-8,1,-7777,-1475,2574,-13,-11,13
-7411,2443,2594,-23,-7,2,-7739,-1457,2544,-16,-12,16
-7420,2464,2556,-15,-7,8,-7757,-1461,2567,-13,-9,19
-7362,2444,2600,-14,-7,12,-7794,-1450,2520,-12,-5,22
-7350,2406,2573,-14,-6,14,-7785,-1460,2527,-9,-4,25
-7356,2392,2616,-18,-5,16,-7768,-1467,2510,-8,-3,27
-7348,2370,2575,-24,-4,14,-7788,-1478,2507,-10,0,29
-7366,2360,2602,-36,-3,7,-7767,-1480,2504,-17,2,29
-7397,2356,2590,-37,-3,0,-7761,-1475,2466,-23,6,28
-7386,2358,2585,-35,2,-6,-7793,-1456,2465,-21,9,32
-7400,2353,2582,-33,4,-6,-7775,-1475,2478,-13,14,40
-7375,2390,2598,-37,7,-1,-7767,-1460,2491,-13,18,47
-7356,2377,2587,-41,9,2,-7791,-1495,2481,-15,23,52
-7398,2325,2590,-43,8,5,-7779,-1516,2471,-13,28,52
-7379,2330,2566,-41,11,5,-7818,-1517,2485,-10,32,51
-7383,2318,2588,-41,14,-1,-7822,-1540,2516,-6,32,51
-7400,2311,2593,-39,14,-7,-7807,-1524,2495,-4,33,51
-7403,2333,2626,-37,15,-12,-7812,-1527,2526,-8,34,50
-7360,2334,2621,-31,12,-11,-7804,-1535,2540,-19,30,47
-7354,2340,2581,-24,12,-5,-7773,-1515,2548,-24,27,45
-7374,2364,2598,-20,11,1,-7780,-1547,2543,-27,23,43
-7369,2336,2571,-24,14,8,-7800,-1529,2535,-22,21,43
-7377,2319,2580,-29,19,10,-7801,-1541,2556,-13,19,44
-7346,2307,2593,-36,19,8,-7805,-1535,2526,-10,17,46
-7398,2270,2615,-35,16,3,-7821,-1538,2556,-7,17,46
-7361,2266,2606,-29,13,1,-7782,-1543,2526,-10,11,43
-7361,2300,2590,-23,13,2,-7773,-1546,2541,-11,7,40
-7381,2320,2582,-27,14,2,-7821,-1534,2547,-13,0,35
-7376,2305,2543,-37,15,2,-7784,-1548,2514,-18,-4,29
-7422,2292,2588,-39,14,0,-7785,-1507,2515,-25,-10,25
-7402,2297,2580,-35,11,-2,-7802,-1495,2468,-31,-14,19
-7389,2334,2533,-34,10,-1,-7791,-1474,2495,-38,-16,15
-7353,2314,2524,-30,7,7,-7804,-1477,2495,-41,-17,16
-7416,2311,2532,-21,6,11,-7826,-1485,2459,-36,-15,18
-7491,2300,2543,-13,4,11,-7753,-1463,2446,-32,-12,18
-7489,2316,2547,-14,5,4,-7784,-1461,2441,-41,-11,17
-7447,2338,2573,-21,5,0,-7794,-1480,2467,-40,-10,14
-7396,2335,2615,-16,4,3,-7778,-1463,2474,-27,-14,14
-7362,2303,2567,12,-3,13,-7758,-1445,2457,-23,-15,18
-7435,2357,2547,30,-8,23,-7782,-1428,2459,-40,-20,24
-7500,2413,2526,6,2,30,-7780,-1478,2462,-56,-21,27
-7636,2353,2563,-27,16,27,-7839,-1496,2433,-75,-21,22
-7660,2346,2631,-43,26,18,-7852,-1512,2457,-89,-23,14
-7569,2374,2730,-65,31,11,-7825,-1548,2414,-105,-23,1
-7500,2407,2787,-87,29,10,-7869,-1528,2402,-108,-19,-9
-7335,2357,2855,-102,14,19,-7852,-1484,2337,-105,-12,-19
-7315,2276,2906,-90,-4,29,-7830,-1479,2329,-94,-2,-17
-7336,2266,2934,-47,-33,38,-7747,-1427,2302,-72,6,-9
-7352,2279,2947,-18,-53,40,-7757,-1375,2254,-56,25,12
-7360,2247,2917,16,-81,40,-7787,-1396,2222,-57,45,31
-7387,2225,2837,53,-104,40,-7820,-1480,2188,-38,78,57
-7399,2230,2791,116,-132,45,-7841,-1548,2304,14,102,70
-7375,2226,2684,157,-143,54,-7845,-1610,2381,111,126,83
-7372,2234,2584,190,-151,69,-7818,-1585,2477,172,134,91
-7432,2213,2514,193,-149,80,-7773,-1604,2586,219,136,95
-7477,2181,2507,175,-140,86,-7729,-1612,2668,230,130,91
-7485,2120,2449,165,-133,82,-7692,-1623,2720,210,113,82
-7463,2114,2467,155,-122,71,-7756,-1624,2775,177,93,74
-7426,2042,2420,150,-114,61,-7807,-1641,2790,125,61,70
-7397,2015,2412,156,-109,45,-7870,-1720,2810,97,36,70
-7356,1997,2338,172,-91,22,-7847,-1769,2737,78,4,59
-7342,2015,2280,171,-73,6,-7876,-1797,2651,67,-18,44
-7369,2038,2285,157,-42,-26,-7976,-1779,2537,50,-37,20
-7380,2050,2328,139,-19,-50,-8013,-1839,2473,45,-37,-1
-7366,2125,2401,115,13,-82,-7965,-1846,2411,72,-27,-32
-7373,2168,2450,98,32,-99,-7915,-1879,2448,120,-20,-54
-7371,2232,2611,83,51,-112,-7871,-1788,2505,178,-19,-72
-7330,2279,2691,81,57,-112,-7850,-1658,2581,213,-36,-83
-7363,2351,2847,74,50,-108,-7844,-1549,2570,197,-53,-87
-7376,2329,2912,64,40,-100,-7757,-1501,2554,139,-70,-97
-7371,2282,2952,77,22,-93,-7770,-1467,2491,91,-78,-106
-7392,2278,2913,102,10,-97,-7818,-1506,2437,45,-82,-115
-7406,2303,2889,137,-9,-102,-7831,-1490,2327,38,-84,-117
-7399,2338,2903,157,-19,-108,-7862,-1449,2262,52,-79,-107
-7423,2415,2859,157,-26,-112,-7820,-1440,2246,70,-66,-93
-7455,2468,2835,142,-28,-115,-7817,-1391,2199,87,-47,-75
-7433,2518,2800,111,-31,-118,-7817,-1412,2191,95,-32,-64
-7397,2523,2805,89,-29,-113,-7755,-1452,2212,123,-16,-57
-7366,2570,2801,73,-25,-101,-7765,-1433,2242,160,-5,-54
-7329,2590,2802,68,-27,-77,-7796,-1376,2327,188,5,-43
-7354,2571,2790,76,-36,-57,-7819,-1303,2305,174,9,-35
-7352,2551,2740,92,-53,-32,-7861,-1315,2350,129,5,-26
-7363,2493,2731,112,-62,-15,-7891,-1338,2319,95,-1,-21
-7385,2461,2693,140,-65,2,-7837,-1351,2312,62,-5,-14
-7372,2458,2605,150,-59,11,-7820,-1361,2255,45,-2,-9
-7391,2443,2581,153,-54,17,-7809,-1381,2217,43,12,-2
-7374,2435,2552,145,-51,20,-7797,-1365,2225,53,22,8
-7360,2431,2530,124,-44,27,-7799,-1393,2233,66,30,19
-7355,2399,2550,106,-33,31,-7805,-1383,2300,83,35,31
-7382,2399,2519,83,-19,39,-7819,-1379,2305,84,40,39
-7382,2348,2573,61,-8,42,-7858,-1420,2335,66,44,43
-7400,2300,2578,39,1,45,-7864,-1417,2353,46,45,44
-7399,2276,2612,41,6,46,-7845,-1462,2406,27,43,43
-7369,2264,2644,49,9,43,-7858,-1485,2431,16,40,42
-7371,2267,2668,50,10,41,-7850,-1521,2422,3,38,41
-7380,2268,2685,45,9,38,-7889,-1561,2437,3,39,40
-7347,2224,2660,45,5,34,-7917,-1547,2489,12,34,39
-7358,2202,2630,55,4,29,-7878,-1522,2463,12,28,37
-7362,2228,2522,65,10,24,-7835,-1523,2491,-8,20,34
-7372,2249,2519,49,28,22,-7851,-1518,2509,-23,15,29
-7353,2287,2524,-11,59,11,-7846,-1490,2523,-36,5,22
-7375,2243,2532,-66,78,-4,-7849,-1472,2541,-53,-6,18
-7376,2245,2663,-116,89,-30,-7872,-1458,2523,-82,-20,16
-7389,2267,2692,-130,88,-46,-7876,-1449,2512,-99,-31,15
-7388,2307,2735,-134,86,-54,-7883,-1405,2447,-109,-36,19
-7370,2387,2765,-134,85,-51,-7883,-1410,2444,-112,-36,24
-7374,2404,2795,-129,80,-40,-7840,-1407,2402,-117,-37,32
-7392,2444,2837,-118,73,-31,-7858,-1395,2408,-116,-37,37
-7416,2463,2842,-102,52,-19,-7867,-1407,2389,-106,-37,41
-7426,2471,2828,-89,35,-7,-7870,-1390,2376,-90,-34,48
-7403,2483,2802,-75,15,11,-7874,-1383,2365,-83,-31,57
-7381,2474,2720,-59,2,27,-7837,-1361,2349,-75,-23,68
-7389,2417,2627,-25,-9,48,-7803,-1404,2374,-62,-17,76
-7417,2421,2581,-6,-10,63,-7734,-1382,2378,-42,-12,88
-7416,2436,2543,-16,-2,71,-7745,-1390,2366,-37,-11,100
-7419,2407,2570,-63,5,82,-7800,-1461,2385,-44,-7,112
-7470,2351,2613,-91,5,79,-7838,-1503,2411,-51,-4,115
-7508,2301,2596,-91,-6,71,-7905,-1546,2377,-61,-2,111
-7436,2250,2531,-72,-14,68,-7911,-1571,2365,-65,-2,101
-7376,2271,2470,-45,-6,75,-7869,-1651,2445,-40,-3,84
-7339,2286,2476,-38,3,86,-7873,-1607,2458,-14,-2,74
-7357,2259,2473,-43,10,104,-7877,-1500,2504,-21,-13,66
-7336,2244,2464,-52,7,108,-7867,-1488,2493,-55,-25,64
-7403,2146,2430,-60,9,105,-7889,-1515,2544,-92,-41,60
-7418,2108,2392,-57,17,97,-7891,-1515,2500,-101,-52,60
-7452,2123,2356,-43,34,80,-7849,-1496,2477,-110,-64,60
-7463,2132,2348,-34,46,70,-7830,-1484,2440,-123,-67,61
-7411,2181,2374,-44,63,58,-7799,-1497,2423,-139,-69,63
-7415,2214,2461,-70,75,49,-7814,-1504,2436,-141,-71,66
-7397,2197,2508,-88,80,39,-7841,-1553,2423,-126,-68,69
-7399,2211,2499,-82,81,32,-7861,-1518,2478,-107,-68,73
-7419,2279,2576,-69,85,26,-7847,-1506,2483,-113,-68,74
-7454,2317,2613,-71,86,23,-7827,-1495,2478,-138,-70,72
-7460,2349,2660,-72,89,23,-7789,-1537,2463,-149,-69,71
-7512,2331,2661,-58,84,23,-7778,-1571,2482,-143,-63,71
-7535,2394,2680,-40,77,25,-7749,-1563,2517,-130,-59,71
-7454,2484,2735,-43,72,29,-7691,-1610,2527,-111,-53,68
-7416,2498,2729,-67,70,37,-7698,-1599,2534,-99,-52,64
-7402,2470,2762,-86,63,48,-7678,-1618,2508,-86,-51,55
-7420,2427,2798,-83,46,52,-7662,-1607,2534,-73,-48,50
-7419,2415,2865,-67,24,57,-7681,-1598,2507,-63,-40,45
-7450,2401,2827,-48,6,59,-7722,-1605,2522,-53,-34,43
-7485,2425,2801,-21,-20,64,-7778,-1643,2535,-33,-28,40
-7456,2429,2790,-9,-32,70,-7809,-1640,2599,-16,-28,37
-7467,2458,2714,-7,-44,75,-7792,-1647,2623,0,-30,23
-7416,2428,2686,-8,-53,80,-7826,-1631,2615,-1,-35,9
-7438,2378,2618,1,-70,85,-7790,-1618,2618,-5,-36,-12
-7466,2392,2566,15,-80,91,-7780,-1589,2615,-1,-35,-24
-7473,2355,2520,29,-81,95,-7750,-1500,2594,6,-36,-30
-7487,2321,2409,28,-78,97,-7757,-1490,2629,9,-42,-28
-7510,2333,2434,16,-69,92,-7700,-1464,2589,3,-49,-24
-7508,2260,2470,7,-63,84,-7687,-1465,2573,-13,-57,-18
-7527,2265,2453,-1,-59,73,-7681,-1494,2503,-25,-59,-17
-7476,2247,2469,-7,-59,59,-7708,-1514,2458,-41,-57,-19
-7428,2251,2509,-4,-59,54,-7738,-1522,2443,-41,-51,-22
-7443,2194,2502,19,-63,49,-7745,-1539,2379,-24,-38,-21
-7415,2185,2485,41,-63,46,-7761,-1543,2374,-6,-28,-16
-7422,2204,2467,56,-56,36,-7770,-1538,2378,19,-12,-10
-7384,2206,2452,48,-48,30,-7801,-1518,2443,28,-2,-6
-7326,2185,2468,33,-39,17,-7831,-1591,2401,35,12,-1
-7368,2186,2467,32,-35,6,-7813,-1626,2504,46,19,-2
-7394,2208,2524,35,-29,-13,-7813,-1620,2577,64,25,-12
-7421,2252,2556,34,-26,-29,-7833,-1582,2647,64,25,-23
-7357,2319,2533,28,-16,-40,-7856,-1546,2681,54,14,-30
-7343,2330,2517,24,-10,-44,-7806,-1536,2689,52,0,-31
-7337,2387,2551,18,0,-40,-7780,-1465,2686,50,-17,-24
-7326,2416,2584,10,7,-39,-7730,-1421,2659,32,-23,-13
-7359,2421,2620,-10,13,-39,-7739,-1467,2684,-10,-29,-1
-7386,2411,2651,-21,13,-41,-7776,-1518,2650,-29,-35,4
-7366,2419,2680,-16,11,-42,-7770,-1593,2618,-18,-46,7
-7363,2450,2707,3,6,-42,-7828,-1604,2618,4,-48,7
-7383,2467,2731,18,-1,-39,-7794,-1581,2595,22,-44,7
-7373,2537,2750,24,-7,-32,-7789,-1587,2577,28,-35,6
-7359,2515,2798,24,-13,-25,-7788,-1608,2573,29,-31,5
-7307,2501,2743,31,-22,-17,-7786,-1651,2593,45,-26,1
-7309,2501,2784,42,-31,-12,-7778,-1621,2620,56,-27,-2
-7326,2541,2768,40,-37,-7,-7799,-1586,2671,45,-23,-5
-7322,2542,2751,30,-41,-4,-7816,-1595,2633,33,-16,-7
-7345,2519,2714,23,-41,2,-7784,-1645,2657,40,-9,-8
-7364,2517,2721,28,-42,5,-7775,-1647,2663,67,-7,-9
-7312,2548,2735,32,-47,13,-7729,-1616,2653,111,-5,-9
-7289,2497,2674,41,-53,22,-7699,-1611,2693,141,-3,-7
-7288,2497,2547,62,-53,34,-7663,-1526,2708,157,-1,4
-7312,2463,2542,71,-42,41,-7670,-1492,2733,152,-4,15
-7358,2477,2486,49,-18,41,-7718,-1512,2798,124,-13,28
-7360,2479,2524,12,-1,34,-7738,-1527,2794,95,-27,33
-7333,2439,2537,-32,16,26,-7771,-1591,2763,53,-45,32
-7329,2433,2523,-47,25,19,-7786,-1615,2749,26,-58,26
-7290,2431,2557,-50,31,18,-7775,-1623,2668,3,-72,15
-7291,2479,2584,-49,41,24,-7769,-1602,2621,-12,-77,8
-7300,2521,2652,-56,50,33,-7775,-1584,2594,-27,-81,6
-7289,2487,2675,-70,56,46,-7754,-1559,2504,-38,-82,5
-7325,2466,2727,-79,58,48,-7727,-1551,2474,-48,-82,6
-7340,2447,2742,-83,53,46,-7723,-1544,2427,-58,-80,6
-7351,2435,2722,-86,48,41,-7732,-1536,2460,-66,-76,4
-7398,2446,2686,-86,46,39,-7795,-1521,2348,-86,-65,5
-7402,2471,2709,-91,48,38,-7819,-1539,2357,-94,-53,3
-7389,2486,2733,-109,53,43,-7836,-1505,2357,-89,-34,0
-7390,2512,2756,-121,53,50,-7820,-1478,2374,-73,-22,-4
-7393,2444,2773,-117,42,61,-7812,-1406,2379,-64,-10,-6
-7345,2427,2773,-109,31,67,-7761,-1356,2398,-68,-3,-1
-7365,2366,2714,-98,24,71,-7764,-1304,2396,-85,9,13
-7363,2351,2680,-94,22,69,-7775,-1268,2409,-98,18,28
-7346,2342,2634,-87,22,61,-7775,-1302,2376,-110,33,57
-7298,2316,2579,-74,23,60,-7741,-1304,2390,-107,46,76
-7363,2356,2603,-59,23,59,-7733,-1355,2448,-90,67,103
-7404,2372,2559,-65,29,58,-7706,-1344,2517,-66,81,122
-7428,2358,2535,-80,36,54,-7693,-1394,2512,-46,92,140
-7413,2325,2540,-100,48,44,-7685,-1422,2556,-35,97,148
-7380,2303,2590,-107,54,42,-7686,-1449,2620,-14,97,157
-7374,2281,2614,-103,57,42,-7647,-1448,2631,-10,99,162
-7379,2272,2627,-97,53,38,-7656,-1459,2680,-31,99,169
-7431,2241,2609,-99,44,30,-7712,-1483,2702,-52,95,174
-7460,2217,2560,-96,37,20,-7776,-1521,2715,-68,86,180
-7419,2222,2553,-79,35,7,-7806,-1612,2700,-79,72,185
-7426,2212,2489,-65,38,0,-7834,-1634,2662,-83,66,180
-7464,2219,2462,-50,43,-11,-7843,-1658,2656,-84,62,164
-7422,2234,2395,-52,48,-16,-7863,-1695,2621,-85,63,146
-7438,2288,2457,-72,58,-22,-7862,-1700,2564,-83,64,120
-7459,2273,2424,-92,65,-26,-7822,-1677,2599,-76,61,102
-7472,2241,2446,-105,73,-35,-7772,-1616,2594,-67,56,85
-7476,2247,2463,-100,74,-39,-7761,-1571,2622,-72,51,77
-7471,2278,2523,-73,72,-41,-7734,-1533,2605,-82,41,73
-7474,2280,2548,-52,69,-42,-7727,-1545,2591,-87,36,75
-7455,2290,2575,-33,65,-41,-7721,-1567,2583,-90,28,79
-7471,2338,2566,-15,60,-39,-7714,-1626,2562,-83,28,80
-7496,2363,2556,-3,57,-32,-7674,-1657,2535,-67,28,77
-7487,2367,2589,3,56,-25,-7724,-1705,2514,-56,29,68
-7448,2359,2616,2,54,-17,-7751,-1737,2536,-39,32,55
-7456,2346,2663,-10,52,-12,-7771,-1774,2554,-18,31,40
-7423,2339,2734,-16,46,-8,-7776,-1729,2570,18,27,21
-7453,2308,2804,-14,29,-6,-7793,-1736,2603,38,21,9
-7419,2340,2852,1,11,-4,-7793,-1685,2607,38,12,-5
-7424,2318,2787,30,-15,4,-7842,-1682,2644,19,0,-17
-7422,2315,2777,48,-32,11,-7817,-1675,2636,2,-9,-31
-7430,2298,2824,69,-51,17,-7835,-1664,2717,-17,-24,-50
-7413,2283,2780,88,-66,22,-7863,-1652,2691,-24,-37,-67
-7369,2266,2656,109,-81,26,-7872,-1626,2672,-30,-56,-89
-7388,2291,2554,107,-81,23,-7867,-1593,2695,-28,-66,-99
-7414,2307,2514,76,-73,13,-7853,-1539,2663,-17,-76,-102
-7441,2289,2482,52,-59,2,-7826,-1465,2613,-21,-81,-99
-7427,2291,2477,29,-40,-14,-7812,-1435,2532,-38,-83,-92
-7435,2349,2502,11,-24,-23,-7803,-1457,2568,-43,-82,-85
-7421,2391,2476,-15,-9,-27,-7779,-1466,2516,-23,-82,-73
-7367,2438,2535,-57,8,-30,-7787,-1431,2497,-12,-83,-68
-7329,2453,2576,-84,17,-26,-7848,-1411,2480,-18,-85,-59
-7289,2463,2628,-102,21,-13,-7850,-1439,2480,-19,-86,-53
-7325,2471,2622,-101,18,0,-7850,-1426,2453,-15,-86,-48
-7433,2459,2727,-85,8,16,-7800,-1392,2449,-15,-88,-44
-7517,2486,2746,-70,-3,22,-7786,-1395,2425,-28,-89,-42
-7501,2515,2714,-54,-14,29,-7775,-1409,2436,-34,-91,-40
-7472,2509,2711,-50,-17,39,-7773,-1397,2404,-35,-97,-34
-7417,2495,2730,-54,-23,60,-7725,-1418,2373,-34,-96,-27
-7386,2510,2713,-62,-28,79,-7761,-1390,2368,-37,-94,-16
-7364,2439,2738,-75,-34,99,-7794,-1443,2440,-58,-90,-8
-7326,2431,2698,-84,-36,108,-7850,-1418,2438,-77,-91,-2
-7295,2369,2691,-99,-39,115,-7931,-1462,2432,-105,-96,4
-7343,2329,2744,-107,-39,119,-7923,-1492,2424,-118,-99,7
-7429,2262,2757,-92,-51,118,-7893,-1459,2366,-133,-100,11
-7398,2252,2660,-72,-56,116,-7832,-1436,2326,-153,-95,13
-7335,2268,2593,-56,-57,115,-7802,-1424,2252,-184,-82,19
